<?xml version='1.0' encoding='utf-8'?>
<gpx xmlns="http://www.topografix.com/GPX/1/1" xmlns:xsi="http://www.w3.org/2001/XMLSchema-instance" creator="https://mapa-turystyczna.pl" version="1.1" xsi:schemaLocation="http://www.topografix.com/GPX/1/1 http://www.topografix.com/GPX/1/1/gpx.xsd">
  <metadata>
    <link href="https://mapa-turystyczna.pl">
      <text>mapa-turystyczna.pl</text>
    </link>
    <time>2026-09-09T16:52:36Z</time>
    <bounds maxlat="49.775054" maxlon="18.994451" minlat="49.652475" minlon="18.836241" />
  </metadata>

<wpt lat="49.770307" lon="18.880112"><name>01. Zebrzydka</name><ele>557</ele></wpt><wpt lat="49.756293" lon="18.901039"><name>02. Czupel</name><ele>736</ele></wpt><wpt lat="49.749956" lon="18.914590"><name>03. Mały Cisowy</name><ele>829</ele></wpt><wpt lat="49.746630" lon="18.940766"><name>04. Wielka Cisowa</name><ele>878</ele></wpt><wpt lat="49.745096" lon="18.952547"><name>05. Błatnia</name><ele>917</ele></wpt><wpt lat="49.745062" lon="18.967100"><name>06. Stołów</name><ele>1035</ele></wpt><wpt lat="49.736754" lon="18.985660"><name>07. Trzy Kopce</name><ele>1082</ele></wpt><wpt lat="49.709858" lon="18.992481"><name>08. Beskidek</name><ele>830</ele></wpt><wpt lat="49.701197" lon="18.980613"><name>09. Hyrca</name><ele>929</ele></wpt><wpt lat="49.689093" lon="18.963733"><name>10. Kotarz</name><ele>974</ele></wpt><wpt lat="49.678992" lon="18.954585"><name>11. Grabowa</name><ele>907</ele></wpt><wpt lat="49.689500" lon="18.929400"><name>12. Stary Groń</name><ele>792</ele></wpt><wpt lat="49.700550" lon="18.916180"><name>13. Horzelica</name><ele>797</ele></wpt><wpt lat="49.669676" lon="18.959148"><name>14. Biały Krzyż</name><ele>940</ele></wpt><wpt lat="49.657109" lon="18.945235"><name>15. Jaworzyna</name><ele>802</ele></wpt><wpt lat="49.652513" lon="18.926994"><name>16. Gościejów</name><ele>818</ele></wpt><wpt lat="49.664321" lon="18.907237"><name>17. Trzy Kopce Wiślańskie</name><ele>810</ele></wpt><wpt lat="49.685092" lon="18.899853"><name>18. Świniorka</name><ele>700</ele></wpt><wpt lat="49.696692" lon="18.878655"><name>19. Orłowa</name><ele>813</ele></wpt><wpt lat="49.724695" lon="18.856556"><name>20. Równica</name><ele>884</ele></wpt><trk>
  <name>Górki Wielkie, szkoła – Górki Wielkie, szkoła</name>
  <link href="https://mapa-turystyczna.pl/route?q=49.7736020,18.8542630;49.7708340,18.8827380;49.7662465,18.8984586;49.7538480,18.9075040;49.7498075,18.9149878;49.7459450,18.9346790;49.7481105,18.9451284;49.7451563,18.9654761;49.7367465,18.9862521;49.7248800,18.9921830;49.7090406,18.9910630;49.6997425,18.9786700;49.6889880,18.9636160;49.6748320,18.9555510;49.6915350,18.9260180;49.7007253,18.9158821;49.6694040,18.9594843;49.6577340,18.9423859;49.6566950,18.9229160;49.6641740,18.9025210;49.6849183,18.9000245;49.6972940,18.8725830;49.7736020,18.8542630">
    <text>Górki Wielkie, szkoła – Górki Wielkie, szkoła</text>
  </link>
  <trkseg>
    <trkpt lat="49.773602" lon="18.854263">
      <ele>328</ele>
      <time>2026-09-09T16:52:36Z</time>
    </trkpt>
    <trkpt lat="49.773499" lon="18.854512">
      <ele>329</ele>
      <time>2026-09-09T16:53:06Z</time>
    </trkpt>
    <trkpt lat="49.773535" lon="18.854659">
      <ele>330</ele>
      <time>2026-09-09T16:53:21Z</time>
    </trkpt>
    <trkpt lat="49.773576" lon="18.85478">
      <ele>330</ele>
      <time>2026-09-09T16:53:35Z</time>
    </trkpt>
    <trkpt lat="49.773604" lon="18.854847">
      <ele>331</ele>
      <time>2026-09-09T16:53:43Z</time>
    </trkpt>
    <trkpt lat="49.773705" lon="18.855114">
      <ele>333</ele>
      <time>2026-09-09T16:54:14Z</time>
    </trkpt>
    <trkpt lat="49.774025" lon="18.855694">
      <ele>336</ele>
      <time>2026-09-09T16:55:31Z</time>
    </trkpt>
    <trkpt lat="49.77411" lon="18.85594">
      <ele>338</ele>
      <time>2026-09-09T16:55:59Z</time>
    </trkpt>
    <trkpt lat="49.774161" lon="18.856205">
      <ele>340</ele>
      <time>2026-09-09T16:56:27Z</time>
    </trkpt>
    <trkpt lat="49.774181" lon="18.856433">
      <ele>341</ele>
      <time>2026-09-09T16:56:50Z</time>
    </trkpt>
    <trkpt lat="49.774198" lon="18.856726">
      <ele>340</ele>
      <time>2026-09-09T16:57:19Z</time>
    </trkpt>
    <trkpt lat="49.774205" lon="18.857462">
      <ele>342</ele>
      <time>2026-09-09T16:58:33Z</time>
    </trkpt>
    <trkpt lat="49.77433" lon="18.858596">
      <ele>348</ele>
      <time>2026-09-09T17:00:28Z</time>
    </trkpt>
    <trkpt lat="49.774477" lon="18.861075">
      <ele>356</ele>
      <time>2026-09-09T17:04:37Z</time>
    </trkpt>
    <trkpt lat="49.774508" lon="18.862408">
      <ele>359</ele>
      <time>2026-09-09T17:06:51Z</time>
    </trkpt>
    <trkpt lat="49.77453" lon="18.863027">
      <ele>361</ele>
      <time>2026-09-09T17:07:53Z</time>
    </trkpt>
    <trkpt lat="49.774588" lon="18.863645">
      <ele>360</ele>
      <time>2026-09-09T17:08:55Z</time>
    </trkpt>
    <trkpt lat="49.774532" lon="18.864812">
      <ele>362</ele>
      <time>2026-09-09T17:10:53Z</time>
    </trkpt>
    <trkpt lat="49.774508" lon="18.865863">
      <ele>366</ele>
      <time>2026-09-09T17:12:38Z</time>
    </trkpt>
    <trkpt lat="49.774485" lon="18.866453">
      <ele>372</ele>
      <time>2026-09-09T17:13:38Z</time>
    </trkpt>
    <trkpt lat="49.774485" lon="18.866711">
      <ele>373</ele>
      <time>2026-09-09T17:14:03Z</time>
    </trkpt>
    <trkpt lat="49.774511" lon="18.867633">
      <ele>376</ele>
      <time>2026-09-09T17:15:36Z</time>
    </trkpt>
    <trkpt lat="49.774511" lon="18.867814">
      <ele>377</ele>
      <time>2026-09-09T17:15:54Z</time>
    </trkpt>
    <trkpt lat="49.77449" lon="18.868113">
      <ele>378</ele>
      <time>2026-09-09T17:16:24Z</time>
    </trkpt>
    <trkpt lat="49.774463" lon="18.868312">
      <ele>378</ele>
      <time>2026-09-09T17:16:44Z</time>
    </trkpt>
    <trkpt lat="49.774354" lon="18.868762">
      <ele>379</ele>
      <time>2026-09-09T17:17:33Z</time>
    </trkpt>
    <trkpt lat="49.774289" lon="18.869152">
      <ele>380</ele>
      <time>2026-09-09T17:18:13Z</time>
    </trkpt>
    <trkpt lat="49.774266" lon="18.869455">
      <ele>381</ele>
      <time>2026-09-09T17:18:44Z</time>
    </trkpt>
    <trkpt lat="49.774275" lon="18.86961">
      <ele>382</ele>
      <time>2026-09-09T17:18:59Z</time>
    </trkpt>
    <trkpt lat="49.774314" lon="18.869776">
      <ele>383</ele>
      <time>2026-09-09T17:19:17Z</time>
    </trkpt>
    <trkpt lat="49.774449" lon="18.870155">
      <ele>386</ele>
      <time>2026-09-09T17:20:00Z</time>
    </trkpt>
    <trkpt lat="49.7745" lon="18.870375">
      <ele>386</ele>
      <time>2026-09-09T17:20:24Z</time>
    </trkpt>
    <trkpt lat="49.774604" lon="18.87089">
      <ele>388</ele>
      <time>2026-09-09T17:21:18Z</time>
    </trkpt>
    <trkpt lat="49.774716" lon="18.871447">
      <ele>389</ele>
      <time>2026-09-09T17:22:16Z</time>
    </trkpt>
    <trkpt lat="49.774851" lon="18.871839">
      <ele>390</ele>
      <time>2026-09-09T17:23:01Z</time>
    </trkpt>
    <trkpt lat="49.774979" lon="18.872089">
      <ele>391</ele>
      <time>2026-09-09T17:23:32Z</time>
    </trkpt>
    <trkpt lat="49.775032" lon="18.872244">
      <ele>391</ele>
      <time>2026-09-09T17:23:50Z</time>
    </trkpt>
    <trkpt lat="49.775054" lon="18.872383">
      <ele>391</ele>
      <time>2026-09-09T17:24:04Z</time>
    </trkpt>
    <trkpt lat="49.775046" lon="18.872548">
      <ele>391</ele>
      <time>2026-09-09T17:24:21Z</time>
    </trkpt>
    <trkpt lat="49.775007" lon="18.872708">
      <ele>392</ele>
      <time>2026-09-09T17:24:38Z</time>
    </trkpt>
    <trkpt lat="49.774873" lon="18.873072">
      <ele>394</ele>
      <time>2026-09-09T17:25:20Z</time>
    </trkpt>
    <trkpt lat="49.774697" lon="18.87356">
      <ele>397</ele>
      <time>2026-09-09T17:26:16Z</time>
    </trkpt>
    <trkpt lat="49.774553" lon="18.873924">
      <ele>399</ele>
      <time>2026-09-09T17:26:59Z</time>
    </trkpt>
    <trkpt lat="49.774345" lon="18.874417">
      <ele>402</ele>
      <time>2026-09-09T17:27:58Z</time>
    </trkpt>
    <trkpt lat="49.77412" lon="18.874953">
      <ele>406</ele>
      <time>2026-09-09T17:29:02Z</time>
    </trkpt>
    <trkpt lat="49.773902" lon="18.875468">
      <ele>410</ele>
      <time>2026-09-09T17:30:04Z</time>
    </trkpt>
    <trkpt lat="49.773836" lon="18.875662">
      <ele>412</ele>
      <time>2026-09-09T17:30:26Z</time>
    </trkpt>
    <trkpt lat="49.773807" lon="18.875747">
      <ele>413</ele>
      <time>2026-09-09T17:30:36Z</time>
    </trkpt>
    <trkpt lat="49.773649" lon="18.876215">
      <ele>419</ele>
      <time>2026-09-09T17:31:29Z</time>
    </trkpt>
    <trkpt lat="49.773518" lon="18.876598">
      <ele>424</ele>
      <time>2026-09-09T17:32:13Z</time>
    </trkpt>
    <trkpt lat="49.773401" lon="18.877018">
      <ele>429</ele>
      <time>2026-09-09T17:33:00Z</time>
    </trkpt>
    <trkpt lat="49.773264" lon="18.877425">
      <ele>435</ele>
      <time>2026-09-09T17:33:46Z</time>
    </trkpt>
    <trkpt lat="49.772979" lon="18.877569">
      <ele>439</ele>
      <time>2026-09-09T17:34:33Z</time>
    </trkpt>
    <trkpt lat="49.773012" lon="18.877782">
      <ele>441</ele>
      <time>2026-09-09T17:34:55Z</time>
    </trkpt>
    <trkpt lat="49.773013" lon="18.878078">
      <ele>445</ele>
      <time>2026-09-09T17:35:25Z</time>
    </trkpt>
    <trkpt lat="49.773022" lon="18.878133">
      <ele>446</ele>
      <time>2026-09-09T17:35:31Z</time>
    </trkpt>
    <trkpt lat="49.773049" lon="18.87815">
      <ele>446</ele>
      <time>2026-09-09T17:35:36Z</time>
    </trkpt>
    <trkpt lat="49.773061" lon="18.87828">
      <ele>448</ele>
      <time>2026-09-09T17:35:49Z</time>
    </trkpt>
    <trkpt lat="49.77309" lon="18.878343">
      <ele>449</ele>
      <time>2026-09-09T17:35:57Z</time>
    </trkpt>
    <trkpt lat="49.773196" lon="18.878537">
      <ele>452</ele>
      <time>2026-09-09T17:36:23Z</time>
    </trkpt>
    <trkpt lat="49.773294" lon="18.878737">
      <ele>456</ele>
      <time>2026-09-09T17:36:48Z</time>
    </trkpt>
    <trkpt lat="49.77338" lon="18.879009">
      <ele>461</ele>
      <time>2026-09-09T17:37:20Z</time>
    </trkpt>
    <trkpt lat="49.773413" lon="18.879176">
      <ele>465</ele>
      <time>2026-09-09T17:37:38Z</time>
    </trkpt>
    <trkpt lat="49.773475" lon="18.879644">
      <ele>471</ele>
      <time>2026-09-09T17:38:26Z</time>
    </trkpt>
    <trkpt lat="49.773483" lon="18.880057">
      <ele>475</ele>
      <time>2026-09-09T17:39:08Z</time>
    </trkpt>
    <trkpt lat="49.773368" lon="18.880252">
      <ele>480</ele>
      <time>2026-09-09T17:39:35Z</time>
    </trkpt>
    <trkpt lat="49.772863" lon="18.880713">
      <ele>490</ele>
      <time>2026-09-09T17:41:07Z</time>
    </trkpt>
    <trkpt lat="49.772777" lon="18.880828">
      <ele>492</ele>
      <time>2026-09-09T17:41:25Z</time>
    </trkpt>
    <trkpt lat="49.772732" lon="18.881005">
      <ele>495</ele>
      <time>2026-09-09T17:41:45Z</time>
    </trkpt>
    <trkpt lat="49.772675" lon="18.88113">
      <ele>498</ele>
      <time>2026-09-09T17:42:00Z</time>
    </trkpt>
    <trkpt lat="49.772603" lon="18.881244">
      <ele>501</ele>
      <time>2026-09-09T17:42:17Z</time>
    </trkpt>
    <trkpt lat="49.772517" lon="18.881373">
      <ele>504</ele>
      <time>2026-09-09T17:42:36Z</time>
    </trkpt>
    <trkpt lat="49.772398" lon="18.881488">
      <ele>509</ele>
      <time>2026-09-09T17:43:03Z</time>
    </trkpt>
    <trkpt lat="49.772246" lon="18.881727">
      <ele>516</ele>
      <time>2026-09-09T17:43:46Z</time>
    </trkpt>
    <trkpt lat="49.772133" lon="18.881818">
      <ele>521</ele>
      <time>2026-09-09T17:44:11Z</time>
    </trkpt>
    <trkpt lat="49.772034" lon="18.881834">
      <ele>526</ele>
      <time>2026-09-09T17:44:31Z</time>
    </trkpt>
    <trkpt lat="49.771957" lon="18.881501">
      <ele>527</ele>
      <time>2026-09-09T17:45:14Z</time>
    </trkpt>
    <trkpt lat="49.771841" lon="18.881137">
      <ele>527</ele>
      <time>2026-09-09T17:46:04Z</time>
    </trkpt>
    <trkpt lat="49.771727" lon="18.880839">
      <ele>527</ele>
      <time>2026-09-09T17:46:46Z</time>
    </trkpt>
    <trkpt lat="49.771622" lon="18.880665">
      <ele>529</ele>
      <time>2026-09-09T17:47:15Z</time>
    </trkpt>
    <trkpt lat="49.771395" lon="18.880371">
      <ele>532</ele>
      <time>2026-09-09T17:48:11Z</time>
    </trkpt>
    <trkpt lat="49.771277" lon="18.880208">
      <ele>531</ele>
      <time>2026-09-09T17:48:40Z</time>
    </trkpt>
    <trkpt lat="49.77116" lon="18.880101">
      <ele>532</ele>
      <time>2026-09-09T17:49:06Z</time>
    </trkpt>
    <trkpt lat="49.771036" lon="18.880064">
      <ele>535</ele>
      <time>2026-09-09T17:49:30Z</time>
    </trkpt>
    <trkpt lat="49.770907" lon="18.880105">
      <ele>540</ele>
      <time>2026-09-09T17:49:56Z</time>
    </trkpt>
    <trkpt lat="49.770677" lon="18.880108">
      <ele>546</ele>
      <time>2026-09-09T17:50:41Z</time>
    </trkpt>
    <trkpt lat="49.770457" lon="18.880076">
      <ele>548</ele>
      <time>2026-09-09T17:51:23Z</time>
    </trkpt>
    <trkpt lat="49.770307" lon="18.880112">
      <ele>549</ele>
      <time>2026-09-09T17:51:51Z</time>
    </trkpt>
    <trkpt lat="49.770468" lon="18.880963">
      <ele>570</ele>
      <time>2026-09-09T17:53:44Z</time>
    </trkpt>
    <trkpt lat="49.770577" lon="18.881394">
      <ele>580</ele>
      <time>2026-09-09T17:54:43Z</time>
    </trkpt>
    <trkpt lat="49.770612" lon="18.881598">
      <ele>582</ele>
      <time>2026-09-09T17:55:09Z</time>
    </trkpt>
    <trkpt lat="49.770622" lon="18.881856">
      <ele>584</ele>
      <time>2026-09-09T17:55:40Z</time>
    </trkpt>
    <trkpt lat="49.770658" lon="18.882117">
      <ele>585</ele>
      <time>2026-09-09T17:56:12Z</time>
    </trkpt>
    <trkpt lat="49.770698" lon="18.882258">
      <ele>585</ele>
      <time>2026-09-09T17:56:31Z</time>
    </trkpt>
    <trkpt lat="49.770765" lon="18.882461">
      <ele>583</ele>
      <time>2026-09-09T17:56:59Z</time>
    </trkpt>
    <trkpt lat="49.770834" lon="18.882738">
      <ele>578</ele>
      <time>2026-09-09T17:57:36Z</time>
    </trkpt>
    <trkpt lat="49.77085" lon="18.882935">
      <ele>581</ele>
      <time>2026-09-09T17:57:49Z</time>
    </trkpt>
    <trkpt lat="49.770846" lon="18.883014">
      <ele>582</ele>
      <time>2026-09-09T17:57:54Z</time>
    </trkpt>
    <trkpt lat="49.770791" lon="18.883132">
      <ele>583</ele>
      <time>2026-09-09T17:58:03Z</time>
    </trkpt>
    <trkpt lat="49.770669" lon="18.883324">
      <ele>581</ele>
      <time>2026-09-09T17:58:21Z</time>
    </trkpt>
    <trkpt lat="49.770526" lon="18.883516">
      <ele>579</ele>
      <time>2026-09-09T17:58:39Z</time>
    </trkpt>
    <trkpt lat="49.770288" lon="18.883874">
      <ele>575</ele>
      <time>2026-09-09T17:59:12Z</time>
    </trkpt>
    <trkpt lat="49.77015" lon="18.88411">
      <ele>572</ele>
      <time>2026-09-09T17:59:33Z</time>
    </trkpt>
    <trkpt lat="49.76998" lon="18.884451">
      <ele>569</ele>
      <time>2026-09-09T18:00:01Z</time>
    </trkpt>
    <trkpt lat="49.769176" lon="18.886504">
      <ele>538</ele>
      <time>2026-09-09T18:02:36Z</time>
    </trkpt>
    <trkpt lat="49.768679" lon="18.887722">
      <ele>530</ele>
      <time>2026-09-09T18:05:40Z</time>
    </trkpt>
    <trkpt lat="49.768025" lon="18.889399">
      <ele>521</ele>
      <time>2026-09-09T18:09:49Z</time>
    </trkpt>
    <trkpt lat="49.767968" lon="18.889602">
      <ele>518</ele>
      <time>2026-09-09T18:10:18Z</time>
    </trkpt>
    <trkpt lat="49.767957" lon="18.890062">
      <ele>517</ele>
      <time>2026-09-09T18:11:17Z</time>
    </trkpt>
    <trkpt lat="49.768002" lon="18.89039">
      <ele>518</ele>
      <time>2026-09-09T18:11:59Z</time>
    </trkpt>
    <trkpt lat="49.768159" lon="18.891301">
      <ele>528</ele>
      <time>2026-09-09T18:14:00Z</time>
    </trkpt>
    <trkpt lat="49.76832" lon="18.891979">
      <ele>537</ele>
      <time>2026-09-09T18:15:34Z</time>
    </trkpt>
    <trkpt lat="49.768394" lon="18.892346">
      <ele>542</ele>
      <time>2026-09-09T18:16:24Z</time>
    </trkpt>
    <trkpt lat="49.768415" lon="18.892622">
      <ele>547</ele>
      <time>2026-09-09T18:17:00Z</time>
    </trkpt>
    <trkpt lat="49.768403" lon="18.892941">
      <ele>555</ele>
      <time>2026-09-09T18:17:43Z</time>
    </trkpt>
    <trkpt lat="49.768318" lon="18.893346">
      <ele>565</ele>
      <time>2026-09-09T18:18:40Z</time>
    </trkpt>
    <trkpt lat="49.768183" lon="18.893701">
      <ele>569</ele>
      <time>2026-09-09T18:19:33Z</time>
    </trkpt>
    <trkpt lat="49.767961" lon="18.894051">
      <ele>576</ele>
      <time>2026-09-09T18:20:36Z</time>
    </trkpt>
    <trkpt lat="49.767868" lon="18.894155">
      <ele>578</ele>
      <time>2026-09-09T18:20:59Z</time>
    </trkpt>
    <trkpt lat="49.767627" lon="18.894247">
      <ele>580</ele>
      <time>2026-09-09T18:21:48Z</time>
    </trkpt>
    <trkpt lat="49.76748" lon="18.894262">
      <ele>579</ele>
      <time>2026-09-09T18:22:17Z</time>
    </trkpt>
    <trkpt lat="49.767329" lon="18.894344">
      <ele>580</ele>
      <time>2026-09-09T18:22:49Z</time>
    </trkpt>
    <trkpt lat="49.767273" lon="18.894435">
      <ele>581</ele>
      <time>2026-09-09T18:23:05Z</time>
    </trkpt>
    <trkpt lat="49.767244" lon="18.894535">
      <ele>583</ele>
      <time>2026-09-09T18:23:19Z</time>
    </trkpt>
    <trkpt lat="49.767241" lon="18.894884">
      <ele>590</ele>
      <time>2026-09-09T18:24:05Z</time>
    </trkpt>
    <trkpt lat="49.76723" lon="18.896143">
      <ele>609</ele>
      <time>2026-09-09T18:26:49Z</time>
    </trkpt>
    <trkpt lat="49.767207" lon="18.89629">
      <ele>612</ele>
      <time>2026-09-09T18:27:09Z</time>
    </trkpt>
    <trkpt lat="49.767149" lon="18.896479">
      <ele>616</ele>
      <time>2026-09-09T18:27:36Z</time>
    </trkpt>
    <trkpt lat="49.767032" lon="18.896961">
      <ele>624</ele>
      <time>2026-09-09T18:28:43Z</time>
    </trkpt>
    <trkpt lat="49.766897" lon="18.897359">
      <ele>630</ele>
      <time>2026-09-09T18:29:42Z</time>
    </trkpt>
    <trkpt lat="49.76671" lon="18.897754">
      <ele>641</ele>
      <time>2026-09-09T18:30:47Z</time>
    </trkpt>
    <trkpt lat="49.766552" lon="18.898157">
      <ele>652</ele>
      <time>2026-09-09T18:31:49Z</time>
    </trkpt>
    <trkpt lat="49.766457" lon="18.898459">
      <ele>662</ele>
      <time>2026-09-09T18:32:36Z</time>
    </trkpt>
    <trkpt lat="49.766239" lon="18.898905">
      <ele>661</ele>
      <time>2026-09-09T18:33:23Z</time>
    </trkpt>
    <trkpt lat="49.766152" lon="18.899094">
      <ele>662</ele>
      <time>2026-09-09T18:33:43Z</time>
    </trkpt>
    <trkpt lat="49.766043" lon="18.899283">
      <ele>665</ele>
      <time>2026-09-09T18:34:05Z</time>
    </trkpt>
    <trkpt lat="49.76591" lon="18.899425">
      <ele>666</ele>
      <time>2026-09-09T18:34:26Z</time>
    </trkpt>
    <trkpt lat="49.76578" lon="18.899517">
      <ele>668</ele>
      <time>2026-09-09T18:34:45Z</time>
    </trkpt>
    <trkpt lat="49.7655" lon="18.899573">
      <ele>672</ele>
      <time>2026-09-09T18:35:22Z</time>
    </trkpt>
    <trkpt lat="49.765408" lon="18.899565">
      <ele>674</ele>
      <time>2026-09-09T18:35:34Z</time>
    </trkpt>
    <trkpt lat="49.765058" lon="18.89951">
      <ele>678</ele>
      <time>2026-09-09T18:36:20Z</time>
    </trkpt>
    <trkpt lat="49.764785" lon="18.899479">
      <ele>680</ele>
      <time>2026-09-09T18:36:56Z</time>
    </trkpt>
    <trkpt lat="49.764624" lon="18.899476">
      <ele>681</ele>
      <time>2026-09-09T18:37:17Z</time>
    </trkpt>
    <trkpt lat="49.764318" lon="18.899521">
      <ele>683</ele>
      <time>2026-09-09T18:37:58Z</time>
    </trkpt>
    <trkpt lat="49.764059" lon="18.899529">
      <ele>685</ele>
      <time>2026-09-09T18:38:32Z</time>
    </trkpt>
    <trkpt lat="49.763808" lon="18.899481">
      <ele>688</ele>
      <time>2026-09-09T18:39:05Z</time>
    </trkpt>
    <trkpt lat="49.763476" lon="18.899506">
      <ele>688</ele>
      <time>2026-09-09T18:39:48Z</time>
    </trkpt>
    <trkpt lat="49.763145" lon="18.899444">
      <ele>692</ele>
      <time>2026-09-09T18:40:32Z</time>
    </trkpt>
    <trkpt lat="49.762715" lon="18.899329">
      <ele>695</ele>
      <time>2026-09-09T18:41:30Z</time>
    </trkpt>
    <trkpt lat="49.762345" lon="18.899299">
      <ele>699</ele>
      <time>2026-09-09T18:42:18Z</time>
    </trkpt>
    <trkpt lat="49.762192" lon="18.899298">
      <ele>700</ele>
      <time>2026-09-09T18:42:38Z</time>
    </trkpt>
    <trkpt lat="49.762098" lon="18.89932">
      <ele>701</ele>
      <time>2026-09-09T18:42:51Z</time>
    </trkpt>
    <trkpt lat="49.761976" lon="18.899374">
      <ele>701</ele>
      <time>2026-09-09T18:43:07Z</time>
    </trkpt>
    <trkpt lat="49.761744" lon="18.899503">
      <ele>700</ele>
      <time>2026-09-09T18:43:40Z</time>
    </trkpt>
    <trkpt lat="49.761376" lon="18.899702">
      <ele>696</ele>
      <time>2026-09-09T18:44:31Z</time>
    </trkpt>
    <trkpt lat="49.761296" lon="18.899713">
      <ele>695</ele>
      <time>2026-09-09T18:44:41Z</time>
    </trkpt>
    <trkpt lat="49.761219" lon="18.8997">
      <ele>695</ele>
      <time>2026-09-09T18:44:52Z</time>
    </trkpt>
    <trkpt lat="49.761115" lon="18.899667">
      <ele>694</ele>
      <time>2026-09-09T18:45:06Z</time>
    </trkpt>
    <trkpt lat="49.761013" lon="18.899693">
      <ele>693</ele>
      <time>2026-09-09T18:45:19Z</time>
    </trkpt>
    <trkpt lat="49.760791" lon="18.899808">
      <ele>692</ele>
      <time>2026-09-09T18:45:50Z</time>
    </trkpt>
    <trkpt lat="49.760455" lon="18.900022">
      <ele>690</ele>
      <time>2026-09-09T18:46:37Z</time>
    </trkpt>
    <trkpt lat="49.760362" lon="18.900088">
      <ele>690</ele>
      <time>2026-09-09T18:46:51Z</time>
    </trkpt>
    <trkpt lat="49.760197" lon="18.90026">
      <ele>690</ele>
      <time>2026-09-09T18:47:17Z</time>
    </trkpt>
    <trkpt lat="49.760107" lon="18.90035">
      <ele>690</ele>
      <time>2026-09-09T18:47:31Z</time>
    </trkpt>
    <trkpt lat="49.760035" lon="18.900396">
      <ele>691</ele>
      <time>2026-09-09T18:47:41Z</time>
    </trkpt>
    <trkpt lat="49.759926" lon="18.900422">
      <ele>691</ele>
      <time>2026-09-09T18:47:55Z</time>
    </trkpt>
    <trkpt lat="49.759807" lon="18.900414">
      <ele>691</ele>
      <time>2026-09-09T18:48:11Z</time>
    </trkpt>
    <trkpt lat="49.7595" lon="18.900323">
      <ele>692</ele>
      <time>2026-09-09T18:48:52Z</time>
    </trkpt>
    <trkpt lat="49.759414" lon="18.900313">
      <ele>692</ele>
      <time>2026-09-09T18:49:03Z</time>
    </trkpt>
    <trkpt lat="49.75863" lon="18.900399">
      <ele>700</ele>
      <time>2026-09-09T18:50:46Z</time>
    </trkpt>
    <trkpt lat="49.758194" lon="18.900371">
      <ele>707</ele>
      <time>2026-09-09T18:51:44Z</time>
    </trkpt>
    <trkpt lat="49.758062" lon="18.900348">
      <ele>708</ele>
      <time>2026-09-09T18:52:02Z</time>
    </trkpt>
    <trkpt lat="49.757905" lon="18.900312">
      <ele>711</ele>
      <time>2026-09-09T18:52:23Z</time>
    </trkpt>
    <trkpt lat="49.757673" lon="18.900175">
      <ele>715</ele>
      <time>2026-09-09T18:52:55Z</time>
    </trkpt>
    <trkpt lat="49.757536" lon="18.900083">
      <ele>716</ele>
      <time>2026-09-09T18:53:15Z</time>
    </trkpt>
    <trkpt lat="49.757344" lon="18.900011">
      <ele>716</ele>
      <time>2026-09-09T18:53:41Z</time>
    </trkpt>
    <trkpt lat="49.757095" lon="18.900034">
      <ele>717</ele>
      <time>2026-09-09T18:54:14Z</time>
    </trkpt>
    <trkpt lat="49.756995" lon="18.900072">
      <ele>718</ele>
      <time>2026-09-09T18:54:27Z</time>
    </trkpt>
    <trkpt lat="49.756858" lon="18.900162">
      <ele>721</ele>
      <time>2026-09-09T18:54:47Z</time>
    </trkpt>
    <trkpt lat="49.756759" lon="18.900279">
      <ele>725</ele>
      <time>2026-09-09T18:55:04Z</time>
    </trkpt>
    <trkpt lat="49.756293" lon="18.901039">
      <ele>736</ele>
      <time>2026-09-09T18:56:33Z</time>
    </trkpt>
    <trkpt lat="49.756122" lon="18.901487">
      <ele>740</ele>
      <time>2026-09-09T18:57:18Z</time>
    </trkpt>
    <trkpt lat="49.756068" lon="18.90174">
      <ele>741</ele>
      <time>2026-09-09T18:57:40Z</time>
    </trkpt>
    <trkpt lat="49.756033" lon="18.901931">
      <ele>740</ele>
      <time>2026-09-09T18:57:57Z</time>
    </trkpt>
    <trkpt lat="49.756026" lon="18.902132">
      <ele>740</ele>
      <time>2026-09-09T18:58:14Z</time>
    </trkpt>
    <trkpt lat="49.756038" lon="18.902484">
      <ele>739</ele>
      <time>2026-09-09T18:58:44Z</time>
    </trkpt>
    <trkpt lat="49.756038" lon="18.902741">
      <ele>738</ele>
      <time>2026-09-09T18:59:06Z</time>
    </trkpt>
    <trkpt lat="49.756002" lon="18.902953">
      <ele>738</ele>
      <time>2026-09-09T18:59:24Z</time>
    </trkpt>
    <trkpt lat="49.755952" lon="18.903193">
      <ele>738</ele>
      <time>2026-09-09T18:59:45Z</time>
    </trkpt>
    <trkpt lat="49.755769" lon="18.903899">
      <ele>737</ele>
      <time>2026-09-09T19:00:50Z</time>
    </trkpt>
    <trkpt lat="49.755722" lon="18.904138">
      <ele>737</ele>
      <time>2026-09-09T19:01:11Z</time>
    </trkpt>
    <trkpt lat="49.755657" lon="18.904472">
      <ele>736</ele>
      <time>2026-09-09T19:01:40Z</time>
    </trkpt>
    <trkpt lat="49.755565" lon="18.904768">
      <ele>734</ele>
      <time>2026-09-09T19:02:08Z</time>
    </trkpt>
    <trkpt lat="49.755493" lon="18.904967">
      <ele>734</ele>
      <time>2026-09-09T19:02:28Z</time>
    </trkpt>
    <trkpt lat="49.755381" lon="18.905283">
      <ele>732</ele>
      <time>2026-09-09T19:02:58Z</time>
    </trkpt>
    <trkpt lat="49.755272" lon="18.905551">
      <ele>732</ele>
      <time>2026-09-09T19:03:25Z</time>
    </trkpt>
    <trkpt lat="49.755124" lon="18.905864">
      <ele>730</ele>
      <time>2026-09-09T19:03:58Z</time>
    </trkpt>
    <trkpt lat="49.754673" lon="18.906466">
      <ele>726</ele>
      <time>2026-09-09T19:05:16Z</time>
    </trkpt>
    <trkpt lat="49.754332" lon="18.907011">
      <ele>723</ele>
      <time>2026-09-09T19:06:20Z</time>
    </trkpt>
    <trkpt lat="49.753848" lon="18.907504">
      <ele>719</ele>
      <time>2026-09-09T19:07:36Z</time>
    </trkpt>
    <trkpt lat="49.753643" lon="18.907746">
      <ele>716</ele>
      <time>2026-09-09T19:08:16Z</time>
    </trkpt>
    <trkpt lat="49.75335" lon="18.908092">
      <ele>717</ele>
      <time>2026-09-09T19:09:14Z</time>
    </trkpt>
    <trkpt lat="49.753241" lon="18.908203">
      <ele>718</ele>
      <time>2026-09-09T19:09:34Z</time>
    </trkpt>
    <trkpt lat="49.752604" lon="18.90885">
      <ele>730</ele>
      <time>2026-09-09T19:11:34Z</time>
    </trkpt>
    <trkpt lat="49.752411" lon="18.909127">
      <ele>735</ele>
      <time>2026-09-09T19:12:16Z</time>
    </trkpt>
    <trkpt lat="49.752278" lon="18.909448">
      <ele>742</ele>
      <time>2026-09-09T19:12:55Z</time>
    </trkpt>
    <trkpt lat="49.752183" lon="18.909624">
      <ele>747</ele>
      <time>2026-09-09T19:13:19Z</time>
    </trkpt>
    <trkpt lat="49.751925" lon="18.909874">
      <ele>753</ele>
      <time>2026-09-09T19:14:08Z</time>
    </trkpt>
    <trkpt lat="49.751697" lon="18.910141">
      <ele>760</ele>
      <time>2026-09-09T19:14:53Z</time>
    </trkpt>
    <trkpt lat="49.751426" lon="18.910649">
      <ele>768</ele>
      <time>2026-09-09T19:16:00Z</time>
    </trkpt>
    <trkpt lat="49.751334" lon="18.910886">
      <ele>771</ele>
      <time>2026-09-09T19:16:29Z</time>
    </trkpt>
    <trkpt lat="49.751316" lon="18.910961">
      <ele>773</ele>
      <time>2026-09-09T19:16:37Z</time>
    </trkpt>
    <trkpt lat="49.751284" lon="18.911094">
      <ele>775</ele>
      <time>2026-09-09T19:16:51Z</time>
    </trkpt>
    <trkpt lat="49.751237" lon="18.911371">
      <ele>779</ele>
      <time>2026-09-09T19:17:21Z</time>
    </trkpt>
    <trkpt lat="49.751175" lon="18.911628">
      <ele>783</ele>
      <time>2026-09-09T19:17:49Z</time>
    </trkpt>
    <trkpt lat="49.751131" lon="18.911778">
      <ele>785</ele>
      <time>2026-09-09T19:18:06Z</time>
    </trkpt>
    <trkpt lat="49.750972" lon="18.912153">
      <ele>791</ele>
      <time>2026-09-09T19:18:52Z</time>
    </trkpt>
    <trkpt lat="49.750906" lon="18.912365">
      <ele>794</ele>
      <time>2026-09-09T19:19:16Z</time>
    </trkpt>
    <trkpt lat="49.750846" lon="18.91265">
      <ele>797</ele>
      <time>2026-09-09T19:19:46Z</time>
    </trkpt>
    <trkpt lat="49.75078" lon="18.912887">
      <ele>799</ele>
      <time>2026-09-09T19:20:12Z</time>
    </trkpt>
    <trkpt lat="49.750731" lon="18.913015">
      <ele>801</ele>
      <time>2026-09-09T19:20:27Z</time>
    </trkpt>
    <trkpt lat="49.750632" lon="18.913206">
      <ele>803</ele>
      <time>2026-09-09T19:20:52Z</time>
    </trkpt>
    <trkpt lat="49.750537" lon="18.913389">
      <ele>806</ele>
      <time>2026-09-09T19:21:17Z</time>
    </trkpt>
    <trkpt lat="49.750422" lon="18.913675">
      <ele>813</ele>
      <time>2026-09-09T19:21:52Z</time>
    </trkpt>
    <trkpt lat="49.750311" lon="18.913897">
      <ele>820</ele>
      <time>2026-09-09T19:22:22Z</time>
    </trkpt>
    <trkpt lat="49.750198" lon="18.91405">
      <ele>825</ele>
      <time>2026-09-09T19:22:46Z</time>
    </trkpt>
    <trkpt lat="49.750115" lon="18.91418">
      <ele>827</ele>
      <time>2026-09-09T19:23:04Z</time>
    </trkpt>
    <trkpt lat="49.750062" lon="18.914322">
      <ele>828</ele>
      <time>2026-09-09T19:23:21Z</time>
    </trkpt>
    <trkpt lat="49.749956" lon="18.91459">
      <ele>829</ele>
      <time>2026-09-09T19:23:53Z</time>
    </trkpt>
    <trkpt lat="49.749815" lon="18.91497">
      <ele>828</ele>
      <time>2026-09-09T19:24:37Z</time>
    </trkpt>
    <trkpt lat="49.749698" lon="18.915248">
      <ele>825</ele>
      <time>2026-09-09T19:25:10Z</time>
    </trkpt>
    <trkpt lat="49.749664" lon="18.915396">
      <ele>824</ele>
      <time>2026-09-09T19:25:26Z</time>
    </trkpt>
    <trkpt lat="49.74959" lon="18.91574">
      <ele>822</ele>
      <time>2026-09-09T19:26:03Z</time>
    </trkpt>
    <trkpt lat="49.749458" lon="18.916169">
      <ele>822</ele>
      <time>2026-09-09T19:26:51Z</time>
    </trkpt>
    <trkpt lat="49.74929" lon="18.917024">
      <ele>820</ele>
      <time>2026-09-09T19:28:21Z</time>
    </trkpt>
    <trkpt lat="49.749239" lon="18.917459">
      <ele>819</ele>
      <time>2026-09-09T19:29:05Z</time>
    </trkpt>
    <trkpt lat="49.749109" lon="18.918051">
      <ele>815</ele>
      <time>2026-09-09T19:30:09Z</time>
    </trkpt>
    <trkpt lat="49.74904" lon="18.918261">
      <ele>815</ele>
      <time>2026-09-09T19:30:32Z</time>
    </trkpt>
    <trkpt lat="49.748985" lon="18.918504">
      <ele>816</ele>
      <time>2026-09-09T19:30:58Z</time>
    </trkpt>
    <trkpt lat="49.748957" lon="18.918867">
      <ele>817</ele>
      <time>2026-09-09T19:31:35Z</time>
    </trkpt>
    <trkpt lat="49.748984" lon="18.919184">
      <ele>818</ele>
      <time>2026-09-09T19:32:07Z</time>
    </trkpt>
    <trkpt lat="49.74898" lon="18.919326">
      <ele>818</ele>
      <time>2026-09-09T19:32:22Z</time>
    </trkpt>
    <trkpt lat="49.748967" lon="18.919477">
      <ele>818</ele>
      <time>2026-09-09T19:32:37Z</time>
    </trkpt>
    <trkpt lat="49.748915" lon="18.919647">
      <ele>819</ele>
      <time>2026-09-09T19:32:56Z</time>
    </trkpt>
    <trkpt lat="49.748806" lon="18.920068">
      <ele>820</ele>
      <time>2026-09-09T19:33:42Z</time>
    </trkpt>
    <trkpt lat="49.748778" lon="18.920259">
      <ele>820</ele>
      <time>2026-09-09T19:34:01Z</time>
    </trkpt>
    <trkpt lat="49.748757" lon="18.920812">
      <ele>815</ele>
      <time>2026-09-09T19:34:57Z</time>
    </trkpt>
    <trkpt lat="49.748718" lon="18.921075">
      <ele>815</ele>
      <time>2026-09-09T19:35:25Z</time>
    </trkpt>
    <trkpt lat="49.748672" lon="18.921253">
      <ele>815</ele>
      <time>2026-09-09T19:35:44Z</time>
    </trkpt>
    <trkpt lat="49.748548" lon="18.921586">
      <ele>816</ele>
      <time>2026-09-09T19:36:23Z</time>
    </trkpt>
    <trkpt lat="49.748453" lon="18.921887">
      <ele>815</ele>
      <time>2026-09-09T19:36:56Z</time>
    </trkpt>
    <trkpt lat="49.748305" lon="18.922273">
      <ele>815</ele>
      <time>2026-09-09T19:37:42Z</time>
    </trkpt>
    <trkpt lat="49.74819" lon="18.922523">
      <ele>815</ele>
      <time>2026-09-09T19:38:12Z</time>
    </trkpt>
    <trkpt lat="49.74801" lon="18.923149">
      <ele>820</ele>
      <time>2026-09-09T19:39:22Z</time>
    </trkpt>
    <trkpt lat="49.747875" lon="18.923454">
      <ele>819</ele>
      <time>2026-09-09T19:39:59Z</time>
    </trkpt>
    <trkpt lat="49.747727" lon="18.92378">
      <ele>822</ele>
      <time>2026-09-09T19:40:39Z</time>
    </trkpt>
    <trkpt lat="49.74763" lon="18.923999">
      <ele>825</ele>
      <time>2026-09-09T19:41:06Z</time>
    </trkpt>
    <trkpt lat="49.747514" lon="18.924142">
      <ele>827</ele>
      <time>2026-09-09T19:41:29Z</time>
    </trkpt>
    <trkpt lat="49.747446" lon="18.924228">
      <ele>828</ele>
      <time>2026-09-09T19:41:43Z</time>
    </trkpt>
    <trkpt lat="49.747422" lon="18.924259">
      <ele>829</ele>
      <time>2026-09-09T19:41:48Z</time>
    </trkpt>
    <trkpt lat="49.747384" lon="18.924359">
      <ele>830</ele>
      <time>2026-09-09T19:42:00Z</time>
    </trkpt>
    <trkpt lat="49.747355" lon="18.924491">
      <ele>832</ele>
      <time>2026-09-09T19:42:14Z</time>
    </trkpt>
    <trkpt lat="49.747274" lon="18.924802">
      <ele>837</ele>
      <time>2026-09-09T19:42:49Z</time>
    </trkpt>
    <trkpt lat="49.74715" lon="18.925234">
      <ele>844</ele>
      <time>2026-09-09T19:43:38Z</time>
    </trkpt>
    <trkpt lat="49.746925" lon="18.925807">
      <ele>852</ele>
      <time>2026-09-09T19:44:46Z</time>
    </trkpt>
    <trkpt lat="49.74682" lon="18.92611">
      <ele>853</ele>
      <time>2026-09-09T19:45:20Z</time>
    </trkpt>
    <trkpt lat="49.74672" lon="18.926337">
      <ele>854</ele>
      <time>2026-09-09T19:45:48Z</time>
    </trkpt>
    <trkpt lat="49.746623" lon="18.9265">
      <ele>853</ele>
      <time>2026-09-09T19:46:10Z</time>
    </trkpt>
    <trkpt lat="49.746512" lon="18.926789">
      <ele>853</ele>
      <time>2026-09-09T19:46:44Z</time>
    </trkpt>
    <trkpt lat="49.746369" lon="18.927214">
      <ele>853</ele>
      <time>2026-09-09T19:47:33Z</time>
    </trkpt>
    <trkpt lat="49.746252" lon="18.927626">
      <ele>853</ele>
      <time>2026-09-09T19:48:18Z</time>
    </trkpt>
    <trkpt lat="49.746183" lon="18.928164">
      <ele>852</ele>
      <time>2026-09-09T19:49:13Z</time>
    </trkpt>
    <trkpt lat="49.746171" lon="18.928253">
      <ele>851</ele>
      <time>2026-09-09T19:49:22Z</time>
    </trkpt>
    <trkpt lat="49.746062" lon="18.928496">
      <ele>851</ele>
      <time>2026-09-09T19:49:52Z</time>
    </trkpt>
    <trkpt lat="49.746029" lon="18.928639">
      <ele>852</ele>
      <time>2026-09-09T19:50:07Z</time>
    </trkpt>
    <trkpt lat="49.745991" lon="18.928779">
      <ele>852</ele>
      <time>2026-09-09T19:50:23Z</time>
    </trkpt>
    <trkpt lat="49.745823" lon="18.929138">
      <ele>854</ele>
      <time>2026-09-09T19:51:07Z</time>
    </trkpt>
    <trkpt lat="49.745773" lon="18.929276">
      <ele>854</ele>
      <time>2026-09-09T19:51:23Z</time>
    </trkpt>
    <trkpt lat="49.745737" lon="18.929444">
      <ele>854</ele>
      <time>2026-09-09T19:51:41Z</time>
    </trkpt>
    <trkpt lat="49.745689" lon="18.930191">
      <ele>854</ele>
      <time>2026-09-09T19:52:57Z</time>
    </trkpt>
    <trkpt lat="49.745664" lon="18.930996">
      <ele>862</ele>
      <time>2026-09-09T19:54:19Z</time>
    </trkpt>
    <trkpt lat="49.74567" lon="18.931167">
      <ele>864</ele>
      <time>2026-09-09T19:54:36Z</time>
    </trkpt>
    <trkpt lat="49.745699" lon="18.931399">
      <ele>863</ele>
      <time>2026-09-09T19:55:00Z</time>
    </trkpt>
    <trkpt lat="49.745714" lon="18.931619">
      <ele>862</ele>
      <time>2026-09-09T19:55:22Z</time>
    </trkpt>
    <trkpt lat="49.745726" lon="18.931953">
      <ele>861</ele>
      <time>2026-09-09T19:55:56Z</time>
    </trkpt>
    <trkpt lat="49.745758" lon="18.932255">
      <ele>863</ele>
      <time>2026-09-09T19:56:27Z</time>
    </trkpt>
    <trkpt lat="49.745814" lon="18.932475">
      <ele>864</ele>
      <time>2026-09-09T19:56:51Z</time>
    </trkpt>
    <trkpt lat="49.745946" lon="18.932877">
      <ele>864</ele>
      <time>2026-09-09T19:57:36Z</time>
    </trkpt>
    <trkpt lat="49.745951" lon="18.933099">
      <ele>864</ele>
      <time>2026-09-09T19:57:51Z</time>
    </trkpt>
    <trkpt lat="49.74594" lon="18.933928">
      <ele>862</ele>
      <time>2026-09-09T19:58:45Z</time>
    </trkpt>
    <trkpt lat="49.745961" lon="18.934081">
      <ele>861</ele>
      <time>2026-09-09T19:58:56Z</time>
    </trkpt>
    <trkpt lat="49.745981" lon="18.934209">
      <ele>860</ele>
      <time>2026-09-09T19:59:04Z</time>
    </trkpt>
    <trkpt lat="49.745981" lon="18.934312">
      <ele>858</ele>
      <time>2026-09-09T19:59:11Z</time>
    </trkpt>
    <trkpt lat="49.745945" lon="18.934679">
      <ele>854</ele>
      <time>2026-09-09T19:59:36Z</time>
    </trkpt>
    <trkpt lat="49.74595" lon="18.934743">
      <ele>853</ele>
      <time>2026-09-09T19:59:42Z</time>
    </trkpt>
    <trkpt lat="49.745917" lon="18.93509">
      <ele>851</ele>
      <time>2026-09-09T20:00:11Z</time>
    </trkpt>
    <trkpt lat="49.745941" lon="18.935252">
      <ele>850</ele>
      <time>2026-09-09T20:00:26Z</time>
    </trkpt>
    <trkpt lat="49.746003" lon="18.935517">
      <ele>851</ele>
      <time>2026-09-09T20:00:50Z</time>
    </trkpt>
    <trkpt lat="49.746019" lon="18.935688">
      <ele>851</ele>
      <time>2026-09-09T20:01:04Z</time>
    </trkpt>
    <trkpt lat="49.746026" lon="18.935909">
      <ele>851</ele>
      <time>2026-09-09T20:01:23Z</time>
    </trkpt>
    <trkpt lat="49.746013" lon="18.936769">
      <ele>849</ele>
      <time>2026-09-09T20:02:36Z</time>
    </trkpt>
    <trkpt lat="49.746008" lon="18.937486">
      <ele>848</ele>
      <time>2026-09-09T20:03:37Z</time>
    </trkpt>
    <trkpt lat="49.746002" lon="18.938122">
      <ele>845</ele>
      <time>2026-09-09T20:04:31Z</time>
    </trkpt>
    <trkpt lat="49.746006" lon="18.938176">
      <ele>845</ele>
      <time>2026-09-09T20:04:36Z</time>
    </trkpt>
    <trkpt lat="49.746048" lon="18.938383">
      <ele>844</ele>
      <time>2026-09-09T20:05:00Z</time>
    </trkpt>
    <trkpt lat="49.746191" lon="18.93907">
      <ele>851</ele>
      <time>2026-09-09T20:06:19Z</time>
    </trkpt>
    <trkpt lat="49.746224" lon="18.939242">
      <ele>853</ele>
      <time>2026-09-09T20:06:39Z</time>
    </trkpt>
    <trkpt lat="49.746273" lon="18.939461">
      <ele>856</ele>
      <time>2026-09-09T20:07:05Z</time>
    </trkpt>
    <trkpt lat="49.746317" lon="18.93956">
      <ele>857</ele>
      <time>2026-09-09T20:07:18Z</time>
    </trkpt>
    <trkpt lat="49.746382" lon="18.93969">
      <ele>859</ele>
      <time>2026-09-09T20:07:36Z</time>
    </trkpt>
    <trkpt lat="49.746413" lon="18.939795">
      <ele>860</ele>
      <time>2026-09-09T20:07:49Z</time>
    </trkpt>
    <trkpt lat="49.746462" lon="18.939998">
      <ele>862</ele>
      <time>2026-09-09T20:08:13Z</time>
    </trkpt>
    <trkpt lat="49.746519" lon="18.940206">
      <ele>865</ele>
      <time>2026-09-09T20:08:38Z</time>
    </trkpt>
    <trkpt lat="49.74663" lon="18.940766">
      <ele>870</ele>
      <time>2026-09-09T20:09:42Z</time>
    </trkpt>
    <trkpt lat="49.74697" lon="18.941864">
      <ele>881</ele>
      <time>2026-09-09T20:11:57Z</time>
    </trkpt>
    <trkpt lat="49.747045" lon="18.942149">
      <ele>885</ele>
      <time>2026-09-09T20:12:31Z</time>
    </trkpt>
    <trkpt lat="49.747088" lon="18.94227">
      <ele>886</ele>
      <time>2026-09-09T20:12:46Z</time>
    </trkpt>
    <trkpt lat="49.747406" lon="18.942613">
      <ele>890</ele>
      <time>2026-09-09T20:13:52Z</time>
    </trkpt>
    <trkpt lat="49.747521" lon="18.942973">
      <ele>893</ele>
      <time>2026-09-09T20:14:36Z</time>
    </trkpt>
    <trkpt lat="49.747565" lon="18.943112">
      <ele>895</ele>
      <time>2026-09-09T20:14:59Z</time>
    </trkpt>
    <trkpt lat="49.748033" lon="18.94388">
      <ele>907</ele>
      <time>2026-09-09T20:17:36Z</time>
    </trkpt>
    <trkpt lat="49.748038" lon="18.943949">
      <ele>907</ele>
      <time>2026-09-09T20:17:42Z</time>
    </trkpt>
    <trkpt lat="49.74813" lon="18.944366">
      <ele>908</ele>
      <time>2026-09-09T20:18:21Z</time>
    </trkpt>
    <trkpt lat="49.748139" lon="18.944486">
      <ele>909</ele>
      <time>2026-09-09T20:18:32Z</time>
    </trkpt>
    <trkpt lat="49.748115" lon="18.944682">
      <ele>909</ele>
      <time>2026-09-09T20:18:49Z</time>
    </trkpt>
    <trkpt lat="49.748071" lon="18.944881">
      <ele>910</ele>
      <time>2026-09-09T20:19:08Z</time>
    </trkpt>
    <trkpt lat="49.748059" lon="18.945165">
      <ele>911</ele>
      <time>2026-09-09T20:19:33Z</time>
    </trkpt>
    <trkpt lat="49.748057" lon="18.945598">
      <ele>910</ele>
      <time>2026-09-09T20:20:11Z</time>
    </trkpt>
    <trkpt lat="49.747875" lon="18.946105">
      <ele>907</ele>
      <time>2026-09-09T20:21:02Z</time>
    </trkpt>
    <trkpt lat="49.747293" lon="18.947382">
      <ele>904</ele>
      <time>2026-09-09T20:23:19Z</time>
    </trkpt>
    <trkpt lat="49.747024" lon="18.94799">
      <ele>905</ele>
      <time>2026-09-09T20:24:24Z</time>
    </trkpt>
    <trkpt lat="49.74683" lon="18.948386">
      <ele>902</ele>
      <time>2026-09-09T20:25:08Z</time>
    </trkpt>
    <trkpt lat="49.746697" lon="18.948706">
      <ele>903</ele>
      <time>2026-09-09T20:25:42Z</time>
    </trkpt>
    <trkpt lat="49.746508" lon="18.949204">
      <ele>904</ele>
      <time>2026-09-09T20:26:32Z</time>
    </trkpt>
    <trkpt lat="49.746365" lon="18.949683">
      <ele>906</ele>
      <time>2026-09-09T20:27:19Z</time>
    </trkpt>
    <trkpt lat="49.746204" lon="18.950064">
      <ele>907</ele>
      <time>2026-09-09T20:27:59Z</time>
    </trkpt>
    <trkpt lat="49.745932" lon="18.950586">
      <ele>907</ele>
      <time>2026-09-09T20:28:58Z</time>
    </trkpt>
    <trkpt lat="49.745387" lon="18.951803">
      <ele>912</ele>
      <time>2026-09-09T20:31:08Z</time>
    </trkpt>
    <trkpt lat="49.745096" lon="18.952547">
      <ele>916</ele>
      <time>2026-09-09T20:32:25Z</time>
    </trkpt>
    <trkpt lat="49.744806" lon="18.953236">
      <ele>927</ele>
      <time>2026-09-09T20:33:38Z</time>
    </trkpt>
    <trkpt lat="49.744704" lon="18.953534">
      <ele>932</ele>
      <time>2026-09-09T20:34:09Z</time>
    </trkpt>
    <trkpt lat="49.744598" lon="18.953727">
      <ele>935</ele>
      <time>2026-09-09T20:34:31Z</time>
    </trkpt>
    <trkpt lat="49.744398" lon="18.954093">
      <ele>940</ele>
      <time>2026-09-09T20:35:14Z</time>
    </trkpt>
    <trkpt lat="49.744273" lon="18.954345">
      <ele>944</ele>
      <time>2026-09-09T20:35:42Z</time>
    </trkpt>
    <trkpt lat="49.744173" lon="18.954613">
      <ele>949</ele>
      <time>2026-09-09T20:36:10Z</time>
    </trkpt>
    <trkpt lat="49.74402" lon="18.954914">
      <ele>956</ele>
      <time>2026-09-09T20:36:45Z</time>
    </trkpt>
    <trkpt lat="49.743743" lon="18.955375">
      <ele>966</ele>
      <time>2026-09-09T20:37:42Z</time>
    </trkpt>
    <trkpt lat="49.743639" lon="18.955622">
      <ele>971</ele>
      <time>2026-09-09T20:38:08Z</time>
    </trkpt>
    <trkpt lat="49.743599" lon="18.956131">
      <ele>975</ele>
      <time>2026-09-09T20:38:54Z</time>
    </trkpt>
    <trkpt lat="49.743525" lon="18.956481">
      <ele>980</ele>
      <time>2026-09-09T20:39:26Z</time>
    </trkpt>
    <trkpt lat="49.743514" lon="18.957295">
      <ele>985</ele>
      <time>2026-09-09T20:40:38Z</time>
    </trkpt>
    <trkpt lat="49.743518" lon="18.957574">
      <ele>987</ele>
      <time>2026-09-09T20:41:03Z</time>
    </trkpt>
    <trkpt lat="49.743585" lon="18.958146">
      <ele>994</ele>
      <time>2026-09-09T20:41:55Z</time>
    </trkpt>
    <trkpt lat="49.743629" lon="18.958406">
      <ele>997</ele>
      <time>2026-09-09T20:42:19Z</time>
    </trkpt>
    <trkpt lat="49.743642" lon="18.958577">
      <ele>998</ele>
      <time>2026-09-09T20:42:34Z</time>
    </trkpt>
    <trkpt lat="49.743628" lon="18.958746">
      <ele>999</ele>
      <time>2026-09-09T20:42:49Z</time>
    </trkpt>
    <trkpt lat="49.743605" lon="18.959069">
      <ele>1001</ele>
      <time>2026-09-09T20:43:18Z</time>
    </trkpt>
    <trkpt lat="49.743582" lon="18.959278">
      <ele>1003</ele>
      <time>2026-09-09T20:43:36Z</time>
    </trkpt>
    <trkpt lat="49.74354" lon="18.959602">
      <ele>1006</ele>
      <time>2026-09-09T20:44:06Z</time>
    </trkpt>
    <trkpt lat="49.743528" lon="18.959795">
      <ele>1008</ele>
      <time>2026-09-09T20:44:23Z</time>
    </trkpt>
    <trkpt lat="49.743509" lon="18.96005">
      <ele>1009</ele>
      <time>2026-09-09T20:44:45Z</time>
    </trkpt>
    <trkpt lat="49.743512" lon="18.960219">
      <ele>1010</ele>
      <time>2026-09-09T20:45:00Z</time>
    </trkpt>
    <trkpt lat="49.743526" lon="18.960312">
      <ele>1011</ele>
      <time>2026-09-09T20:45:09Z</time>
    </trkpt>
    <trkpt lat="49.743533" lon="18.960357">
      <ele>1011</ele>
      <time>2026-09-09T20:45:13Z</time>
    </trkpt>
    <trkpt lat="49.743588" lon="18.960672">
      <ele>1012</ele>
      <time>2026-09-09T20:45:42Z</time>
    </trkpt>
    <trkpt lat="49.743633" lon="18.960885">
      <ele>1012</ele>
      <time>2026-09-09T20:46:01Z</time>
    </trkpt>
    <trkpt lat="49.743733" lon="18.961166">
      <ele>1012</ele>
      <time>2026-09-09T20:46:30Z</time>
    </trkpt>
    <trkpt lat="49.743773" lon="18.961332">
      <ele>1012</ele>
      <time>2026-09-09T20:46:45Z</time>
    </trkpt>
    <trkpt lat="49.743812" lon="18.961472">
      <ele>1013</ele>
      <time>2026-09-09T20:46:59Z</time>
    </trkpt>
    <trkpt lat="49.743829" lon="18.961645">
      <ele>1014</ele>
      <time>2026-09-09T20:47:14Z</time>
    </trkpt>
    <trkpt lat="49.743874" lon="18.961862">
      <ele>1015</ele>
      <time>2026-09-09T20:47:34Z</time>
    </trkpt>
    <trkpt lat="49.743921" lon="18.962179">
      <ele>1019</ele>
      <time>2026-09-09T20:48:03Z</time>
    </trkpt>
    <trkpt lat="49.743956" lon="18.962346">
      <ele>1020</ele>
      <time>2026-09-09T20:48:19Z</time>
    </trkpt>
    <trkpt lat="49.744068" lon="18.962674">
      <ele>1023</ele>
      <time>2026-09-09T20:48:52Z</time>
    </trkpt>
    <trkpt lat="49.744142" lon="18.96294">
      <ele>1027</ele>
      <time>2026-09-09T20:49:17Z</time>
    </trkpt>
    <trkpt lat="49.744167" lon="18.962998">
      <ele>1027</ele>
      <time>2026-09-09T20:49:24Z</time>
    </trkpt>
    <trkpt lat="49.744243" lon="18.96315">
      <ele>1029</ele>
      <time>2026-09-09T20:49:41Z</time>
    </trkpt>
    <trkpt lat="49.744347" lon="18.963348">
      <ele>1031</ele>
      <time>2026-09-09T20:50:03Z</time>
    </trkpt>
    <trkpt lat="49.744435" lon="18.963541">
      <ele>1033</ele>
      <time>2026-09-09T20:50:24Z</time>
    </trkpt>
    <trkpt lat="49.744599" lon="18.963871">
      <ele>1037</ele>
      <time>2026-09-09T20:51:01Z</time>
    </trkpt>
    <trkpt lat="49.744743" lon="18.964092">
      <ele>1040</ele>
      <time>2026-09-09T20:51:29Z</time>
    </trkpt>
    <trkpt lat="49.744795" lon="18.964173">
      <ele>1039</ele>
      <time>2026-09-09T20:51:39Z</time>
    </trkpt>
    <trkpt lat="49.74485" lon="18.964278">
      <ele>1039</ele>
      <time>2026-09-09T20:51:51Z</time>
    </trkpt>
    <trkpt lat="49.74493" lon="18.964468">
      <ele>1039</ele>
      <time>2026-09-09T20:52:11Z</time>
    </trkpt>
    <trkpt lat="49.745038" lon="18.964745">
      <ele>1039</ele>
      <time>2026-09-09T20:52:39Z</time>
    </trkpt>
    <trkpt lat="49.745069" lon="18.964854">
      <ele>1039</ele>
      <time>2026-09-09T20:52:50Z</time>
    </trkpt>
    <trkpt lat="49.74509" lon="18.964963">
      <ele>1040</ele>
      <time>2026-09-09T20:53:00Z</time>
    </trkpt>
    <trkpt lat="49.745106" lon="18.965135">
      <ele>1040</ele>
      <time>2026-09-09T20:53:15Z</time>
    </trkpt>
    <trkpt lat="49.745123" lon="18.965284">
      <ele>1040</ele>
      <time>2026-09-09T20:53:28Z</time>
    </trkpt>
    <trkpt lat="49.745151" lon="18.965437">
      <ele>1040</ele>
      <time>2026-09-09T20:53:42Z</time>
    </trkpt>
    <trkpt lat="49.745188" lon="18.965711">
      <ele>1041</ele>
      <time>2026-09-09T20:54:07Z</time>
    </trkpt>
    <trkpt lat="49.745195" lon="18.965989">
      <ele>1043</ele>
      <time>2026-09-09T20:54:31Z</time>
    </trkpt>
    <trkpt lat="49.745232" lon="18.966355">
      <ele>1043</ele>
      <time>2026-09-09T20:55:04Z</time>
    </trkpt>
    <trkpt lat="49.745224" lon="18.966614">
      <ele>1040</ele>
      <time>2026-09-09T20:55:27Z</time>
    </trkpt>
    <trkpt lat="49.745219" lon="18.966715">
      <ele>1039</ele>
      <time>2026-09-09T20:55:36Z</time>
    </trkpt>
    <trkpt lat="49.745189" lon="18.96683">
      <ele>1037</ele>
      <time>2026-09-09T20:55:47Z</time>
    </trkpt>
    <trkpt lat="49.745062" lon="18.9671">
      <ele>1034</ele>
      <time>2026-09-09T20:56:17Z</time>
    </trkpt>
    <trkpt lat="49.744618" lon="18.968198">
      <ele>1027</ele>
      <time>2026-09-09T20:58:11Z</time>
    </trkpt>
    <trkpt lat="49.744506" lon="18.968553">
      <ele>1023</ele>
      <time>2026-09-09T20:58:46Z</time>
    </trkpt>
    <trkpt lat="49.743833" lon="18.970861">
      <ele>1020</ele>
      <time>2026-09-09T21:02:29Z</time>
    </trkpt>
    <trkpt lat="49.743499" lon="18.97196">
      <ele>1007</ele>
      <time>2026-09-09T21:04:17Z</time>
    </trkpt>
    <trkpt lat="49.743395" lon="18.9723">
      <ele>1006</ele>
      <time>2026-09-09T21:04:50Z</time>
    </trkpt>
    <trkpt lat="49.74328" lon="18.972581">
      <ele>1007</ele>
      <time>2026-09-09T21:05:19Z</time>
    </trkpt>
    <trkpt lat="49.743058" lon="18.972903">
      <ele>1006</ele>
      <time>2026-09-09T21:06:01Z</time>
    </trkpt>
    <trkpt lat="49.742856" lon="18.973289">
      <ele>1004</ele>
      <time>2026-09-09T21:06:44Z</time>
    </trkpt>
    <trkpt lat="49.742618" lon="18.973614">
      <ele>1001</ele>
      <time>2026-09-09T21:07:28Z</time>
    </trkpt>
    <trkpt lat="49.742512" lon="18.973794">
      <ele>1001</ele>
      <time>2026-09-09T21:07:49Z</time>
    </trkpt>
    <trkpt lat="49.742393" lon="18.97392">
      <ele>1000</ele>
      <time>2026-09-09T21:08:09Z</time>
    </trkpt>
    <trkpt lat="49.742186" lon="18.974071">
      <ele>998</ele>
      <time>2026-09-09T21:08:40Z</time>
    </trkpt>
    <trkpt lat="49.741958" lon="18.974242">
      <ele>997</ele>
      <time>2026-09-09T21:09:15Z</time>
    </trkpt>
    <trkpt lat="49.741703" lon="18.97451">
      <ele>994</ele>
      <time>2026-09-09T21:09:57Z</time>
    </trkpt>
    <trkpt lat="49.741322" lon="18.974889">
      <ele>993</ele>
      <time>2026-09-09T21:10:58Z</time>
    </trkpt>
    <trkpt lat="49.740961" lon="18.975239">
      <ele>996</ele>
      <time>2026-09-09T21:11:56Z</time>
    </trkpt>
    <trkpt lat="49.740709" lon="18.975463">
      <ele>997</ele>
      <time>2026-09-09T21:12:36Z</time>
    </trkpt>
    <trkpt lat="49.740557" lon="18.97573">
      <ele>997</ele>
      <time>2026-09-09T21:13:14Z</time>
    </trkpt>
    <trkpt lat="49.740415" lon="18.97598">
      <ele>997</ele>
      <time>2026-09-09T21:13:50Z</time>
    </trkpt>
    <trkpt lat="49.740224" lon="18.976251">
      <ele>997</ele>
      <time>2026-09-09T21:14:33Z</time>
    </trkpt>
    <trkpt lat="49.740028" lon="18.976611">
      <ele>999</ele>
      <time>2026-09-09T21:15:24Z</time>
    </trkpt>
    <trkpt lat="49.739831" lon="18.977041">
      <ele>999</ele>
      <time>2026-09-09T21:16:21Z</time>
    </trkpt>
    <trkpt lat="49.739703" lon="18.977377">
      <ele>999</ele>
      <time>2026-09-09T21:17:02Z</time>
    </trkpt>
    <trkpt lat="49.739609" lon="18.977562">
      <ele>1000</ele>
      <time>2026-09-09T21:17:28Z</time>
    </trkpt>
    <trkpt lat="49.739491" lon="18.977757">
      <ele>1002</ele>
      <time>2026-09-09T21:17:57Z</time>
    </trkpt>
    <trkpt lat="49.739144" lon="18.978772">
      <ele>1010</ele>
      <time>2026-09-09T21:20:01Z</time>
    </trkpt>
    <trkpt lat="49.738987" lon="18.979123">
      <ele>1012</ele>
      <time>2026-09-09T21:20:47Z</time>
    </trkpt>
    <trkpt lat="49.738734" lon="18.979783">
      <ele>1019</ele>
      <time>2026-09-09T21:22:10Z</time>
    </trkpt>
    <trkpt lat="49.738689" lon="18.979891">
      <ele>1020</ele>
      <time>2026-09-09T21:22:24Z</time>
    </trkpt>
    <trkpt lat="49.738493" lon="18.980365">
      <ele>1026</ele>
      <time>2026-09-09T21:23:25Z</time>
    </trkpt>
    <trkpt lat="49.738148" lon="18.98118">
      <ele>1038</ele>
      <time>2026-09-09T21:25:11Z</time>
    </trkpt>
    <trkpt lat="49.737753" lon="18.982023">
      <ele>1050</ele>
      <time>2026-09-09T21:27:05Z</time>
    </trkpt>
    <trkpt lat="49.737397" lon="18.982776">
      <ele>1060</ele>
      <time>2026-09-09T21:28:46Z</time>
    </trkpt>
    <trkpt lat="49.737257" lon="18.983058">
      <ele>1065</ele>
      <time>2026-09-09T21:29:25Z</time>
    </trkpt>
    <trkpt lat="49.737078" lon="18.983442">
      <ele>1068</ele>
      <time>2026-09-09T21:30:16Z</time>
    </trkpt>
    <trkpt lat="49.737018" lon="18.983573">
      <ele>1068</ele>
      <time>2026-09-09T21:30:33Z</time>
    </trkpt>
    <trkpt lat="49.736802" lon="18.984101">
      <ele>1071</ele>
      <time>2026-09-09T21:31:41Z</time>
    </trkpt>
    <trkpt lat="49.73678" lon="18.98419">
      <ele>1071</ele>
      <time>2026-09-09T21:31:51Z</time>
    </trkpt>
    <trkpt lat="49.736753" lon="18.98456">
      <ele>1074</ele>
      <time>2026-09-09T21:32:31Z</time>
    </trkpt>
    <trkpt lat="49.736744" lon="18.984677">
      <ele>1076</ele>
      <time>2026-09-09T21:32:44Z</time>
    </trkpt>
    <trkpt lat="49.736738" lon="18.984764">
      <ele>1076</ele>
      <time>2026-09-09T21:32:54Z</time>
    </trkpt>
    <trkpt lat="49.736757" lon="18.985177">
      <ele>1080</ele>
      <time>2026-09-09T21:33:38Z</time>
    </trkpt>
    <trkpt lat="49.736752" lon="18.985418">
      <ele>1081</ele>
      <time>2026-09-09T21:34:04Z</time>
    </trkpt>
    <trkpt lat="49.736754" lon="18.98566">
      <ele>1082</ele>
      <time>2026-09-09T21:34:30Z</time>
    </trkpt>
    <trkpt lat="49.736711" lon="18.986266">
      <ele>1083</ele>
      <time>2026-09-09T21:35:36Z</time>
    </trkpt>
    <trkpt lat="49.736754" lon="18.98566">
      <ele>1082</ele>
      <time>2026-09-09T21:36:13Z</time>
    </trkpt>
    <trkpt lat="49.736752" lon="18.985418">
      <ele>1081</ele>
      <time>2026-09-09T21:36:28Z</time>
    </trkpt>
    <trkpt lat="49.736757" lon="18.985177">
      <ele>1080</ele>
      <time>2026-09-09T21:36:43Z</time>
    </trkpt>
    <trkpt lat="49.736738" lon="18.984764">
      <ele>1076</ele>
      <time>2026-09-09T21:37:08Z</time>
    </trkpt>
    <trkpt lat="49.736744" lon="18.984677">
      <ele>1076</ele>
      <time>2026-09-09T21:37:13Z</time>
    </trkpt>
    <trkpt lat="49.736753" lon="18.98456">
      <ele>1074</ele>
      <time>2026-09-09T21:37:20Z</time>
    </trkpt>
    <trkpt lat="49.73678" lon="18.98419">
      <ele>1071</ele>
      <time>2026-09-09T21:37:43Z</time>
    </trkpt>
    <trkpt lat="49.736802" lon="18.984101">
      <ele>1071</ele>
      <time>2026-09-09T21:37:49Z</time>
    </trkpt>
    <trkpt lat="49.737018" lon="18.983573">
      <ele>1068</ele>
      <time>2026-09-09T21:38:27Z</time>
    </trkpt>
    <trkpt lat="49.737078" lon="18.983442">
      <ele>1068</ele>
      <time>2026-09-09T21:38:37Z</time>
    </trkpt>
    <trkpt lat="49.737257" lon="18.983058">
      <ele>1065</ele>
      <time>2026-09-09T21:39:06Z</time>
    </trkpt>
    <trkpt lat="49.737397" lon="18.982776">
      <ele>1060</ele>
      <time>2026-09-09T21:39:28Z</time>
    </trkpt>
    <trkpt lat="49.737753" lon="18.982023">
      <ele>1050</ele>
      <time>2026-09-09T21:40:25Z</time>
    </trkpt>
    <trkpt lat="49.738148" lon="18.98118">
      <ele>1038</ele>
      <time>2026-09-09T21:41:29Z</time>
    </trkpt>
    <trkpt lat="49.738493" lon="18.980365">
      <ele>1026</ele>
      <time>2026-09-09T21:42:29Z</time>
    </trkpt>
    <trkpt lat="49.738689" lon="18.979891">
      <ele>1020</ele>
      <time>2026-09-09T21:43:04Z</time>
    </trkpt>
    <trkpt lat="49.738734" lon="18.979783">
      <ele>1019</ele>
      <time>2026-09-09T21:43:12Z</time>
    </trkpt>
    <trkpt lat="49.738987" lon="18.979123">
      <ele>1012</ele>
      <time>2026-09-09T21:43:59Z</time>
    </trkpt>
    <trkpt lat="49.739144" lon="18.978772">
      <ele>1010</ele>
      <time>2026-09-09T21:44:25Z</time>
    </trkpt>
    <trkpt lat="49.739491" lon="18.977757">
      <ele>1002</ele>
      <time>2026-09-09T21:45:35Z</time>
    </trkpt>
    <trkpt lat="49.739609" lon="18.977562">
      <ele>1000</ele>
      <time>2026-09-09T21:45:51Z</time>
    </trkpt>
    <trkpt lat="49.739703" lon="18.977377">
      <ele>999</ele>
      <time>2026-09-09T21:46:05Z</time>
    </trkpt>
    <trkpt lat="49.739831" lon="18.977041">
      <ele>999</ele>
      <time>2026-09-09T21:46:29Z</time>
    </trkpt>
    <trkpt lat="49.740028" lon="18.976611">
      <ele>999</ele>
      <time>2026-09-09T21:47:01Z</time>
    </trkpt>
    <trkpt lat="49.740224" lon="18.976251">
      <ele>997</ele>
      <time>2026-09-09T21:47:30Z</time>
    </trkpt>
    <trkpt lat="49.740415" lon="18.97598">
      <ele>997</ele>
      <time>2026-09-09T21:47:54Z</time>
    </trkpt>
    <trkpt lat="49.740557" lon="18.97573">
      <ele>997</ele>
      <time>2026-09-09T21:48:14Z</time>
    </trkpt>
    <trkpt lat="49.740709" lon="18.975463">
      <ele>997</ele>
      <time>2026-09-09T21:48:36Z</time>
    </trkpt>
    <trkpt lat="49.740613" lon="18.975456">
      <ele>996</ele>
      <time>2026-09-09T21:48:46Z</time>
    </trkpt>
    <trkpt lat="49.74037" lon="18.975472">
      <ele>992</ele>
      <time>2026-09-09T21:49:12Z</time>
    </trkpt>
    <trkpt lat="49.74028" lon="18.975496">
      <ele>991</ele>
      <time>2026-09-09T21:49:22Z</time>
    </trkpt>
    <trkpt lat="49.740142" lon="18.975563">
      <ele>991</ele>
      <time>2026-09-09T21:49:38Z</time>
    </trkpt>
    <trkpt lat="49.739776" lon="18.975589">
      <ele>987</ele>
      <time>2026-09-09T21:50:17Z</time>
    </trkpt>
    <trkpt lat="49.739526" lon="18.975544">
      <ele>981</ele>
      <time>2026-09-09T21:50:44Z</time>
    </trkpt>
    <trkpt lat="49.739382" lon="18.975533">
      <ele>977</ele>
      <time>2026-09-09T21:51:00Z</time>
    </trkpt>
    <trkpt lat="49.739185" lon="18.975551">
      <ele>972</ele>
      <time>2026-09-09T21:51:22Z</time>
    </trkpt>
    <trkpt lat="49.739028" lon="18.975657">
      <ele>972</ele>
      <time>2026-09-09T21:51:40Z</time>
    </trkpt>
    <trkpt lat="49.738849" lon="18.975688">
      <ele>970</ele>
      <time>2026-09-09T21:51:59Z</time>
    </trkpt>
    <trkpt lat="49.738618" lon="18.975788">
      <ele>970</ele>
      <time>2026-09-09T21:52:25Z</time>
    </trkpt>
    <trkpt lat="49.738385" lon="18.975865">
      <ele>970</ele>
      <time>2026-09-09T21:52:50Z</time>
    </trkpt>
    <trkpt lat="49.738179" lon="18.975885">
      <ele>967</ele>
      <time>2026-09-09T21:53:13Z</time>
    </trkpt>
    <trkpt lat="49.737918" lon="18.975819">
      <ele>960</ele>
      <time>2026-09-09T21:53:42Z</time>
    </trkpt>
    <trkpt lat="49.737674" lon="18.975812">
      <ele>955</ele>
      <time>2026-09-09T21:54:08Z</time>
    </trkpt>
    <trkpt lat="49.737466" lon="18.975781">
      <ele>951</ele>
      <time>2026-09-09T21:54:31Z</time>
    </trkpt>
    <trkpt lat="49.737359" lon="18.975719">
      <ele>948</ele>
      <time>2026-09-09T21:54:43Z</time>
    </trkpt>
    <trkpt lat="49.737268" lon="18.975684">
      <ele>946</ele>
      <time>2026-09-09T21:54:53Z</time>
    </trkpt>
    <trkpt lat="49.73717" lon="18.975704">
      <ele>945</ele>
      <time>2026-09-09T21:55:04Z</time>
    </trkpt>
    <trkpt lat="49.73702" lon="18.975849">
      <ele>947</ele>
      <time>2026-09-09T21:55:23Z</time>
    </trkpt>
    <trkpt lat="49.73691" lon="18.975867">
      <ele>946</ele>
      <time>2026-09-09T21:55:35Z</time>
    </trkpt>
    <trkpt lat="49.736779" lon="18.975863">
      <ele>945</ele>
      <time>2026-09-09T21:55:49Z</time>
    </trkpt>
    <trkpt lat="49.736684" lon="18.975823">
      <ele>944</ele>
      <time>2026-09-09T21:55:59Z</time>
    </trkpt>
    <trkpt lat="49.736546" lon="18.975669">
      <ele>940</ele>
      <time>2026-09-09T21:56:18Z</time>
    </trkpt>
    <trkpt lat="49.736479" lon="18.975585">
      <ele>938</ele>
      <time>2026-09-09T21:56:27Z</time>
    </trkpt>
    <trkpt lat="49.736306" lon="18.975397">
      <ele>933</ele>
      <time>2026-09-09T21:56:50Z</time>
    </trkpt>
    <trkpt lat="49.736183" lon="18.97531">
      <ele>931</ele>
      <time>2026-09-09T21:57:05Z</time>
    </trkpt>
    <trkpt lat="49.736058" lon="18.975243">
      <ele>930</ele>
      <time>2026-09-09T21:57:19Z</time>
    </trkpt>
    <trkpt lat="49.7359" lon="18.975149">
      <ele>930</ele>
      <time>2026-09-09T21:57:37Z</time>
    </trkpt>
    <trkpt lat="49.735754" lon="18.975018">
      <ele>928</ele>
      <time>2026-09-09T21:57:55Z</time>
    </trkpt>
    <trkpt lat="49.735644" lon="18.97489">
      <ele>926</ele>
      <time>2026-09-09T21:58:10Z</time>
    </trkpt>
    <trkpt lat="49.735551" lon="18.974737">
      <ele>923</ele>
      <time>2026-09-09T21:58:25Z</time>
    </trkpt>
    <trkpt lat="49.7354" lon="18.974638">
      <ele>921</ele>
      <time>2026-09-09T21:58:42Z</time>
    </trkpt>
    <trkpt lat="49.735298" lon="18.974643">
      <ele>921</ele>
      <time>2026-09-09T21:58:53Z</time>
    </trkpt>
    <trkpt lat="49.735179" lon="18.97472">
      <ele>922</ele>
      <time>2026-09-09T21:59:07Z</time>
    </trkpt>
    <trkpt lat="49.735064" lon="18.974858">
      <ele>923</ele>
      <time>2026-09-09T21:59:22Z</time>
    </trkpt>
    <trkpt lat="49.734629" lon="18.975365">
      <ele>921</ele>
      <time>2026-09-09T22:00:20Z</time>
    </trkpt>
    <trkpt lat="49.73453" lon="18.97543">
      <ele>918</ele>
      <time>2026-09-09T22:00:32Z</time>
    </trkpt>
    <trkpt lat="49.734317" lon="18.975442">
      <ele>912</ele>
      <time>2026-09-09T22:00:56Z</time>
    </trkpt>
    <trkpt lat="49.734176" lon="18.975385">
      <ele>909</ele>
      <time>2026-09-09T22:01:12Z</time>
    </trkpt>
    <trkpt lat="49.733997" lon="18.975346">
      <ele>908</ele>
      <time>2026-09-09T22:01:31Z</time>
    </trkpt>
    <trkpt lat="49.733859" lon="18.975378">
      <ele>907</ele>
      <time>2026-09-09T22:01:46Z</time>
    </trkpt>
    <trkpt lat="49.733706" lon="18.975445">
      <ele>906</ele>
      <time>2026-09-09T22:02:03Z</time>
    </trkpt>
    <trkpt lat="49.733423" lon="18.975715">
      <ele>905</ele>
      <time>2026-09-09T22:02:38Z</time>
    </trkpt>
    <trkpt lat="49.733328" lon="18.975776">
      <ele>904</ele>
      <time>2026-09-09T22:02:49Z</time>
    </trkpt>
    <trkpt lat="49.733226" lon="18.975822">
      <ele>903</ele>
      <time>2026-09-09T22:03:01Z</time>
    </trkpt>
    <trkpt lat="49.733202" lon="18.975793">
      <ele>902</ele>
      <time>2026-09-09T22:03:04Z</time>
    </trkpt>
    <trkpt lat="49.733165" lon="18.975753">
      <ele>901</ele>
      <time>2026-09-09T22:03:09Z</time>
    </trkpt>
    <trkpt lat="49.733116" lon="18.975715">
      <ele>900</ele>
      <time>2026-09-09T22:03:15Z</time>
    </trkpt>
    <trkpt lat="49.733037" lon="18.975726">
      <ele>899</ele>
      <time>2026-09-09T22:03:23Z</time>
    </trkpt>
    <trkpt lat="49.732834" lon="18.975766">
      <ele>896</ele>
      <time>2026-09-09T22:03:45Z</time>
    </trkpt>
    <trkpt lat="49.732729" lon="18.975807">
      <ele>894</ele>
      <time>2026-09-09T22:03:57Z</time>
    </trkpt>
    <trkpt lat="49.732597" lon="18.975896">
      <ele>892</ele>
      <time>2026-09-09T22:04:12Z</time>
    </trkpt>
    <trkpt lat="49.732521" lon="18.975983">
      <ele>891</ele>
      <time>2026-09-09T22:04:23Z</time>
    </trkpt>
    <trkpt lat="49.732193" lon="18.976363">
      <ele>888</ele>
      <time>2026-09-09T22:05:06Z</time>
    </trkpt>
    <trkpt lat="49.732125" lon="18.976494">
      <ele>886</ele>
      <time>2026-09-09T22:05:18Z</time>
    </trkpt>
    <trkpt lat="49.732079" lon="18.976611">
      <ele>885</ele>
      <time>2026-09-09T22:05:28Z</time>
    </trkpt>
    <trkpt lat="49.732059" lon="18.976735">
      <ele>885</ele>
      <time>2026-09-09T22:05:36Z</time>
    </trkpt>
    <trkpt lat="49.732052" lon="18.976935">
      <ele>886</ele>
      <time>2026-09-09T22:05:50Z</time>
    </trkpt>
    <trkpt lat="49.732027" lon="18.97709">
      <ele>886</ele>
      <time>2026-09-09T22:06:01Z</time>
    </trkpt>
    <trkpt lat="49.731989" lon="18.97727">
      <ele>885</ele>
      <time>2026-09-09T22:06:14Z</time>
    </trkpt>
    <trkpt lat="49.731937" lon="18.977376">
      <ele>884</ele>
      <time>2026-09-09T22:06:23Z</time>
    </trkpt>
    <trkpt lat="49.73182" lon="18.977609">
      <ele>882</ele>
      <time>2026-09-09T22:06:44Z</time>
    </trkpt>
    <trkpt lat="49.731749" lon="18.977723">
      <ele>880</ele>
      <time>2026-09-09T22:06:55Z</time>
    </trkpt>
    <trkpt lat="49.731609" lon="18.977868">
      <ele>875</ele>
      <time>2026-09-09T22:07:14Z</time>
    </trkpt>
    <trkpt lat="49.731468" lon="18.977994">
      <ele>870</ele>
      <time>2026-09-09T22:07:32Z</time>
    </trkpt>
    <trkpt lat="49.731325" lon="18.978163">
      <ele>865</ele>
      <time>2026-09-09T22:07:52Z</time>
    </trkpt>
    <trkpt lat="49.731119" lon="18.978552">
      <ele>857</ele>
      <time>2026-09-09T22:08:27Z</time>
    </trkpt>
    <trkpt lat="49.730932" lon="18.978882">
      <ele>853</ele>
      <time>2026-09-09T22:08:57Z</time>
    </trkpt>
    <trkpt lat="49.730802" lon="18.979131">
      <ele>853</ele>
      <time>2026-09-09T22:09:20Z</time>
    </trkpt>
    <trkpt lat="49.730649" lon="18.97937">
      <ele>851</ele>
      <time>2026-09-09T22:09:43Z</time>
    </trkpt>
    <trkpt lat="49.730498" lon="18.979591">
      <ele>849</ele>
      <time>2026-09-09T22:10:05Z</time>
    </trkpt>
    <trkpt lat="49.730243" lon="18.979764">
      <ele>840</ele>
      <time>2026-09-09T22:10:36Z</time>
    </trkpt>
    <trkpt lat="49.730118" lon="18.979837">
      <ele>838</ele>
      <time>2026-09-09T22:10:50Z</time>
    </trkpt>
    <trkpt lat="49.729886" lon="18.979934">
      <ele>834</ele>
      <time>2026-09-09T22:11:16Z</time>
    </trkpt>
    <trkpt lat="49.729815" lon="18.980016">
      <ele>833</ele>
      <time>2026-09-09T22:11:26Z</time>
    </trkpt>
    <trkpt lat="49.729786" lon="18.980124">
      <ele>834</ele>
      <time>2026-09-09T22:11:34Z</time>
    </trkpt>
    <trkpt lat="49.729778" lon="18.980265">
      <ele>835</ele>
      <time>2026-09-09T22:11:44Z</time>
    </trkpt>
    <trkpt lat="49.729716" lon="18.98051">
      <ele>836</ele>
      <time>2026-09-09T22:12:02Z</time>
    </trkpt>
    <trkpt lat="49.729712" lon="18.980698">
      <ele>837</ele>
      <time>2026-09-09T22:12:15Z</time>
    </trkpt>
    <trkpt lat="49.729724" lon="18.981156">
      <ele>836</ele>
      <time>2026-09-09T22:12:46Z</time>
    </trkpt>
    <trkpt lat="49.729719" lon="18.981484">
      <ele>832</ele>
      <time>2026-09-09T22:13:09Z</time>
    </trkpt>
    <trkpt lat="49.729717" lon="18.981723">
      <ele>830</ele>
      <time>2026-09-09T22:13:26Z</time>
    </trkpt>
    <trkpt lat="49.729685" lon="18.981826">
      <ele>829</ele>
      <time>2026-09-09T22:13:34Z</time>
    </trkpt>
    <trkpt lat="49.729696" lon="18.982058">
      <ele>829</ele>
      <time>2026-09-09T22:13:50Z</time>
    </trkpt>
    <trkpt lat="49.729689" lon="18.982197">
      <ele>830</ele>
      <time>2026-09-09T22:14:00Z</time>
    </trkpt>
    <trkpt lat="49.729652" lon="18.982327">
      <ele>829</ele>
      <time>2026-09-09T22:14:09Z</time>
    </trkpt>
    <trkpt lat="49.729623" lon="18.982427">
      <ele>829</ele>
      <time>2026-09-09T22:14:17Z</time>
    </trkpt>
    <trkpt lat="49.729547" lon="18.982628">
      <ele>827</ele>
      <time>2026-09-09T22:14:33Z</time>
    </trkpt>
    <trkpt lat="49.729463" lon="18.982819">
      <ele>825</ele>
      <time>2026-09-09T22:14:49Z</time>
    </trkpt>
    <trkpt lat="49.729406" lon="18.982903">
      <ele>823</ele>
      <time>2026-09-09T22:14:58Z</time>
    </trkpt>
    <trkpt lat="49.729347" lon="18.983032">
      <ele>821</ele>
      <time>2026-09-09T22:15:09Z</time>
    </trkpt>
    <trkpt lat="49.729338" lon="18.983191">
      <ele>821</ele>
      <time>2026-09-09T22:15:20Z</time>
    </trkpt>
    <trkpt lat="49.729349" lon="18.983477">
      <ele>821</ele>
      <time>2026-09-09T22:15:40Z</time>
    </trkpt>
    <trkpt lat="49.729351" lon="18.983741">
      <ele>821</ele>
      <time>2026-09-09T22:15:58Z</time>
    </trkpt>
    <trkpt lat="49.729322" lon="18.983835">
      <ele>820</ele>
      <time>2026-09-09T22:16:05Z</time>
    </trkpt>
    <trkpt lat="49.729234" lon="18.984007">
      <ele>816</ele>
      <time>2026-09-09T22:16:21Z</time>
    </trkpt>
    <trkpt lat="49.729077" lon="18.984141">
      <ele>811</ele>
      <time>2026-09-09T22:16:40Z</time>
    </trkpt>
    <trkpt lat="49.72897" lon="18.98429">
      <ele>807</ele>
      <time>2026-09-09T22:16:56Z</time>
    </trkpt>
    <trkpt lat="49.728903" lon="18.984438">
      <ele>806</ele>
      <time>2026-09-09T22:17:09Z</time>
    </trkpt>
    <trkpt lat="49.728842" lon="18.984642">
      <ele>804</ele>
      <time>2026-09-09T22:17:24Z</time>
    </trkpt>
    <trkpt lat="49.72879" lon="18.984814">
      <ele>803</ele>
      <time>2026-09-09T22:17:37Z</time>
    </trkpt>
    <trkpt lat="49.728758" lon="18.985157">
      <ele>805</ele>
      <time>2026-09-09T22:18:01Z</time>
    </trkpt>
    <trkpt lat="49.728744" lon="18.985312">
      <ele>805</ele>
      <time>2026-09-09T22:18:12Z</time>
    </trkpt>
    <trkpt lat="49.728703" lon="18.985423">
      <ele>804</ele>
      <time>2026-09-09T22:18:21Z</time>
    </trkpt>
    <trkpt lat="49.728576" lon="18.98579">
      <ele>801</ele>
      <time>2026-09-09T22:18:50Z</time>
    </trkpt>
    <trkpt lat="49.728456" lon="18.986129">
      <ele>795</ele>
      <time>2026-09-09T22:19:17Z</time>
    </trkpt>
    <trkpt lat="49.728375" lon="18.986391">
      <ele>794</ele>
      <time>2026-09-09T22:19:37Z</time>
    </trkpt>
    <trkpt lat="49.728339" lon="18.986451">
      <ele>793</ele>
      <time>2026-09-09T22:19:43Z</time>
    </trkpt>
    <trkpt lat="49.728273" lon="18.986526">
      <ele>792</ele>
      <time>2026-09-09T22:19:52Z</time>
    </trkpt>
    <trkpt lat="49.728143" lon="18.986831">
      <ele>792</ele>
      <time>2026-09-09T22:20:17Z</time>
    </trkpt>
    <trkpt lat="49.72804" lon="18.987152">
      <ele>794</ele>
      <time>2026-09-09T22:20:42Z</time>
    </trkpt>
    <trkpt lat="49.727965" lon="18.987305">
      <ele>794</ele>
      <time>2026-09-09T22:20:55Z</time>
    </trkpt>
    <trkpt lat="49.72783" lon="18.987483">
      <ele>792</ele>
      <time>2026-09-09T22:21:14Z</time>
    </trkpt>
    <trkpt lat="49.727733" lon="18.987668">
      <ele>790</ele>
      <time>2026-09-09T22:21:30Z</time>
    </trkpt>
    <trkpt lat="49.72765" lon="18.987874">
      <ele>789</ele>
      <time>2026-09-09T22:21:47Z</time>
    </trkpt>
    <trkpt lat="49.727517" lon="18.988032">
      <ele>786</ele>
      <time>2026-09-09T22:22:05Z</time>
    </trkpt>
    <trkpt lat="49.727356" lon="18.98819">
      <ele>784</ele>
      <time>2026-09-09T22:22:26Z</time>
    </trkpt>
    <trkpt lat="49.727262" lon="18.988316">
      <ele>784</ele>
      <time>2026-09-09T22:22:39Z</time>
    </trkpt>
    <trkpt lat="49.727145" lon="18.988544">
      <ele>783</ele>
      <time>2026-09-09T22:22:59Z</time>
    </trkpt>
    <trkpt lat="49.727046" lon="18.988793">
      <ele>781</ele>
      <time>2026-09-09T22:23:19Z</time>
    </trkpt>
    <trkpt lat="49.726967" lon="18.98911">
      <ele>780</ele>
      <time>2026-09-09T22:23:43Z</time>
    </trkpt>
    <trkpt lat="49.726936" lon="18.989211">
      <ele>779</ele>
      <time>2026-09-09T22:23:50Z</time>
    </trkpt>
    <trkpt lat="49.726909" lon="18.989361">
      <ele>780</ele>
      <time>2026-09-09T22:24:01Z</time>
    </trkpt>
    <trkpt lat="49.726848" lon="18.98957">
      <ele>779</ele>
      <time>2026-09-09T22:24:17Z</time>
    </trkpt>
    <trkpt lat="49.726748" lon="18.989798">
      <ele>778</ele>
      <time>2026-09-09T22:24:36Z</time>
    </trkpt>
    <trkpt lat="49.726561" lon="18.990246">
      <ele>774</ele>
      <time>2026-09-09T22:25:13Z</time>
    </trkpt>
    <trkpt lat="49.72636" lon="18.990538">
      <ele>768</ele>
      <time>2026-09-09T22:25:43Z</time>
    </trkpt>
    <trkpt lat="49.726159" lon="18.99074">
      <ele>760</ele>
      <time>2026-09-09T22:26:10Z</time>
    </trkpt>
    <trkpt lat="49.725974" lon="18.990926">
      <ele>753</ele>
      <time>2026-09-09T22:26:34Z</time>
    </trkpt>
    <trkpt lat="49.725703" lon="18.991194">
      <ele>746</ele>
      <time>2026-09-09T22:27:09Z</time>
    </trkpt>
    <trkpt lat="49.725531" lon="18.991396">
      <ele>744</ele>
      <time>2026-09-09T22:27:32Z</time>
    </trkpt>
    <trkpt lat="49.725288" lon="18.99173">
      <ele>744</ele>
      <time>2026-09-09T22:28:07Z</time>
    </trkpt>
    <trkpt lat="49.725164" lon="18.991848">
      <ele>741</ele>
      <time>2026-09-09T22:28:23Z</time>
    </trkpt>
    <trkpt lat="49.725063" lon="18.991956">
      <ele>739</ele>
      <time>2026-09-09T22:28:36Z</time>
    </trkpt>
    <trkpt lat="49.724984" lon="18.992078">
      <ele>735</ele>
      <time>2026-09-09T22:29:04Z</time>
    </trkpt>
    <trkpt lat="49.72488" lon="18.992183">
      <ele>729</ele>
      <time>2026-09-09T22:29:36Z</time>
    </trkpt>
    <trkpt lat="49.724703" lon="18.99215">
      <ele>731</ele>
      <time>2026-09-09T22:30:01Z</time>
    </trkpt>
    <trkpt lat="49.724573" lon="18.992135">
      <ele>732</ele>
      <time>2026-09-09T22:30:19Z</time>
    </trkpt>
    <trkpt lat="49.724413" lon="18.992167">
      <ele>734</ele>
      <time>2026-09-09T22:30:42Z</time>
    </trkpt>
    <trkpt lat="49.724088" lon="18.992297">
      <ele>736</ele>
      <time>2026-09-09T22:31:29Z</time>
    </trkpt>
    <trkpt lat="49.723817" lon="18.992447">
      <ele>736</ele>
      <time>2026-09-09T22:32:09Z</time>
    </trkpt>
    <trkpt lat="49.723581" lon="18.992491">
      <ele>734</ele>
      <time>2026-09-09T22:32:43Z</time>
    </trkpt>
    <trkpt lat="49.723438" lon="18.992525">
      <ele>733</ele>
      <time>2026-09-09T22:33:03Z</time>
    </trkpt>
    <trkpt lat="49.723272" lon="18.992515">
      <ele>732</ele>
      <time>2026-09-09T22:33:26Z</time>
    </trkpt>
    <trkpt lat="49.723033" lon="18.992516">
      <ele>735</ele>
      <time>2026-09-09T22:34:00Z</time>
    </trkpt>
    <trkpt lat="49.722911" lon="18.992518">
      <ele>738</ele>
      <time>2026-09-09T22:34:17Z</time>
    </trkpt>
    <trkpt lat="49.722806" lon="18.992475">
      <ele>741</ele>
      <time>2026-09-09T22:34:33Z</time>
    </trkpt>
    <trkpt lat="49.722722" lon="18.992491">
      <ele>744</ele>
      <time>2026-09-09T22:34:45Z</time>
    </trkpt>
    <trkpt lat="49.72266" lon="18.992403">
      <ele>746</ele>
      <time>2026-09-09T22:34:57Z</time>
    </trkpt>
    <trkpt lat="49.722518" lon="18.992306">
      <ele>750</ele>
      <time>2026-09-09T22:35:20Z</time>
    </trkpt>
    <trkpt lat="49.722237" lon="18.992039">
      <ele>755</ele>
      <time>2026-09-09T22:36:06Z</time>
    </trkpt>
    <trkpt lat="49.722017" lon="18.991615">
      <ele>762</ele>
      <time>2026-09-09T22:36:56Z</time>
    </trkpt>
    <trkpt lat="49.721932" lon="18.991461">
      <ele>765</ele>
      <time>2026-09-09T22:37:15Z</time>
    </trkpt>
    <trkpt lat="49.721807" lon="18.991333">
      <ele>768</ele>
      <time>2026-09-09T22:37:36Z</time>
    </trkpt>
    <trkpt lat="49.721717" lon="18.991282">
      <ele>771</ele>
      <time>2026-09-09T22:37:50Z</time>
    </trkpt>
    <trkpt lat="49.721623" lon="18.991274">
      <ele>773</ele>
      <time>2026-09-09T22:38:03Z</time>
    </trkpt>
    <trkpt lat="49.721438" lon="18.99129">
      <ele>776</ele>
      <time>2026-09-09T22:38:30Z</time>
    </trkpt>
    <trkpt lat="49.721297" lon="18.991317">
      <ele>779</ele>
      <time>2026-09-09T22:38:50Z</time>
    </trkpt>
    <trkpt lat="49.721112" lon="18.991378">
      <ele>783</ele>
      <time>2026-09-09T22:39:17Z</time>
    </trkpt>
    <trkpt lat="49.720952" lon="18.991343">
      <ele>786</ele>
      <time>2026-09-09T22:39:39Z</time>
    </trkpt>
    <trkpt lat="49.720744" lon="18.991172">
      <ele>787</ele>
      <time>2026-09-09T22:40:12Z</time>
    </trkpt>
    <trkpt lat="49.720422" lon="18.990847">
      <ele>786</ele>
      <time>2026-09-09T22:41:06Z</time>
    </trkpt>
    <trkpt lat="49.720285" lon="18.990764">
      <ele>786</ele>
      <time>2026-09-09T22:41:27Z</time>
    </trkpt>
    <trkpt lat="49.720082" lon="18.990689">
      <ele>785</ele>
      <time>2026-09-09T22:41:56Z</time>
    </trkpt>
    <trkpt lat="49.719891" lon="18.990673">
      <ele>785</ele>
      <time>2026-09-09T22:42:23Z</time>
    </trkpt>
    <trkpt lat="49.719646" lon="18.990662">
      <ele>787</ele>
      <time>2026-09-09T22:42:57Z</time>
    </trkpt>
    <trkpt lat="49.719421" lon="18.990624">
      <ele>790</ele>
      <time>2026-09-09T22:43:29Z</time>
    </trkpt>
    <trkpt lat="49.719128" lon="18.990374">
      <ele>788</ele>
      <time>2026-09-09T22:44:16Z</time>
    </trkpt>
    <trkpt lat="49.71888" lon="18.990211">
      <ele>786</ele>
      <time>2026-09-09T22:44:54Z</time>
    </trkpt>
    <trkpt lat="49.718791" lon="18.990101">
      <ele>784</ele>
      <time>2026-09-09T22:45:10Z</time>
    </trkpt>
    <trkpt lat="49.718641" lon="18.989851">
      <ele>781</ele>
      <time>2026-09-09T22:45:41Z</time>
    </trkpt>
    <trkpt lat="49.71857" lon="18.989807">
      <ele>781</ele>
      <time>2026-09-09T22:45:52Z</time>
    </trkpt>
    <trkpt lat="49.718372" lon="18.989804">
      <ele>781</ele>
      <time>2026-09-09T22:46:19Z</time>
    </trkpt>
    <trkpt lat="49.71827" lon="18.989837">
      <ele>782</ele>
      <time>2026-09-09T22:46:34Z</time>
    </trkpt>
    <trkpt lat="49.718233" lon="18.989866">
      <ele>782</ele>
      <time>2026-09-09T22:46:40Z</time>
    </trkpt>
    <trkpt lat="49.718207" lon="18.989887">
      <ele>782</ele>
      <time>2026-09-09T22:46:44Z</time>
    </trkpt>
    <trkpt lat="49.718035" lon="18.990059">
      <ele>784</ele>
      <time>2026-09-09T22:47:12Z</time>
    </trkpt>
    <trkpt lat="49.717888" lon="18.990244">
      <ele>784</ele>
      <time>2026-09-09T22:47:39Z</time>
    </trkpt>
    <trkpt lat="49.717685" lon="18.99055">
      <ele>783</ele>
      <time>2026-09-09T22:48:19Z</time>
    </trkpt>
    <trkpt lat="49.717491" lon="18.990946">
      <ele>781</ele>
      <time>2026-09-09T22:49:04Z</time>
    </trkpt>
    <trkpt lat="49.717347" lon="18.991319">
      <ele>781</ele>
      <time>2026-09-09T22:49:43Z</time>
    </trkpt>
    <trkpt lat="49.717111" lon="18.991753">
      <ele>779</ele>
      <time>2026-09-09T22:50:34Z</time>
    </trkpt>
    <trkpt lat="49.716957" lon="18.992092">
      <ele>779</ele>
      <time>2026-09-09T22:51:12Z</time>
    </trkpt>
    <trkpt lat="49.716761" lon="18.992617">
      <ele>780</ele>
      <time>2026-09-09T22:52:07Z</time>
    </trkpt>
    <trkpt lat="49.716575" lon="18.992971">
      <ele>781</ele>
      <time>2026-09-09T22:52:48Z</time>
    </trkpt>
    <trkpt lat="49.716385" lon="18.99332">
      <ele>783</ele>
      <time>2026-09-09T22:53:29Z</time>
    </trkpt>
    <trkpt lat="49.716197" lon="18.993593">
      <ele>784</ele>
      <time>2026-09-09T22:54:05Z</time>
    </trkpt>
    <trkpt lat="49.715933" lon="18.993816">
      <ele>786</ele>
      <time>2026-09-09T22:54:47Z</time>
    </trkpt>
    <trkpt lat="49.715833" lon="18.993837">
      <ele>786</ele>
      <time>2026-09-09T22:55:01Z</time>
    </trkpt>
    <trkpt lat="49.715802" lon="18.993812">
      <ele>786</ele>
      <time>2026-09-09T22:55:06Z</time>
    </trkpt>
    <trkpt lat="49.715757" lon="18.993776">
      <ele>785</ele>
      <time>2026-09-09T22:55:13Z</time>
    </trkpt>
    <trkpt lat="49.715503" lon="18.993403">
      <ele>778</ele>
      <time>2026-09-09T22:56:03Z</time>
    </trkpt>
    <trkpt lat="49.71507" lon="18.99292">
      <ele>782</ele>
      <time>2026-09-09T22:57:18Z</time>
    </trkpt>
    <trkpt lat="49.71477" lon="18.992703">
      <ele>782</ele>
      <time>2026-09-09T22:58:04Z</time>
    </trkpt>
    <trkpt lat="49.714476" lon="18.992536">
      <ele>780</ele>
      <time>2026-09-09T22:58:48Z</time>
    </trkpt>
    <trkpt lat="49.71434" lon="18.992484">
      <ele>780</ele>
      <time>2026-09-09T22:59:08Z</time>
    </trkpt>
    <trkpt lat="49.714093" lon="18.992432">
      <ele>782</ele>
      <time>2026-09-09T22:59:43Z</time>
    </trkpt>
    <trkpt lat="49.713925" lon="18.992392">
      <ele>783</ele>
      <time>2026-09-09T23:00:07Z</time>
    </trkpt>
    <trkpt lat="49.713479" lon="18.992292">
      <ele>784</ele>
      <time>2026-09-09T23:01:10Z</time>
    </trkpt>
    <trkpt lat="49.713339" lon="18.992261">
      <ele>783</ele>
      <time>2026-09-09T23:01:29Z</time>
    </trkpt>
    <trkpt lat="49.713134" lon="18.992255">
      <ele>782</ele>
      <time>2026-09-09T23:01:58Z</time>
    </trkpt>
    <trkpt lat="49.712879" lon="18.992336">
      <ele>782</ele>
      <time>2026-09-09T23:02:35Z</time>
    </trkpt>
    <trkpt lat="49.712708" lon="18.992419">
      <ele>784</ele>
      <time>2026-09-09T23:03:00Z</time>
    </trkpt>
    <trkpt lat="49.712583" lon="18.992529">
      <ele>787</ele>
      <time>2026-09-09T23:03:20Z</time>
    </trkpt>
    <trkpt lat="49.712411" lon="18.9928">
      <ele>793</ele>
      <time>2026-09-09T23:03:55Z</time>
    </trkpt>
    <trkpt lat="49.712215" lon="18.993014">
      <ele>794</ele>
      <time>2026-09-09T23:04:29Z</time>
    </trkpt>
    <trkpt lat="49.711976" lon="18.993234">
      <ele>794</ele>
      <time>2026-09-09T23:05:08Z</time>
    </trkpt>
    <trkpt lat="49.711879" lon="18.993384">
      <ele>795</ele>
      <time>2026-09-09T23:05:27Z</time>
    </trkpt>
    <trkpt lat="49.711497" lon="18.994209">
      <ele>802</ele>
      <time>2026-09-09T23:06:59Z</time>
    </trkpt>
    <trkpt lat="49.711414" lon="18.994451">
      <ele>800</ele>
      <time>2026-09-09T23:07:24Z</time>
    </trkpt>
    <trkpt lat="49.71116" lon="18.994376">
      <ele>802</ele>
      <time>2026-09-09T23:08:00Z</time>
    </trkpt>
    <trkpt lat="49.710951" lon="18.994323">
      <ele>804</ele>
      <time>2026-09-09T23:08:30Z</time>
    </trkpt>
    <trkpt lat="49.710685" lon="18.994091">
      <ele>809</ele>
      <time>2026-09-09T23:09:13Z</time>
    </trkpt>
    <trkpt lat="49.710486" lon="18.993881">
      <ele>812</ele>
      <time>2026-09-09T23:09:47Z</time>
    </trkpt>
    <trkpt lat="49.710408" lon="18.993786">
      <ele>813</ele>
      <time>2026-09-09T23:10:01Z</time>
    </trkpt>
    <trkpt lat="49.710318" lon="18.993548">
      <ele>816</ele>
      <time>2026-09-09T23:10:26Z</time>
    </trkpt>
    <trkpt lat="49.710016" lon="18.992907">
      <ele>825</ele>
      <time>2026-09-09T23:11:39Z</time>
    </trkpt>
    <trkpt lat="49.709858" lon="18.992481">
      <ele>831</ele>
      <time>2026-09-09T23:12:24Z</time>
    </trkpt>
    <trkpt lat="49.709714" lon="18.992173">
      <ele>838</ele>
      <time>2026-09-09T23:12:59Z</time>
    </trkpt>
    <trkpt lat="49.709466" lon="18.991772">
      <ele>842</ele>
      <time>2026-09-09T23:13:50Z</time>
    </trkpt>
    <trkpt lat="49.709091" lon="18.991152">
      <ele>844</ele>
      <time>2026-09-09T23:15:06Z</time>
    </trkpt>
    <trkpt lat="49.708719" lon="18.990495">
      <ele>840</ele>
      <time>2026-09-09T23:16:26Z</time>
    </trkpt>
    <trkpt lat="49.708385" lon="18.989734">
      <ele>832</ele>
      <time>2026-09-09T23:17:49Z</time>
    </trkpt>
    <trkpt lat="49.708319" lon="18.989506">
      <ele>827</ele>
      <time>2026-09-09T23:18:13Z</time>
    </trkpt>
    <trkpt lat="49.708236" lon="18.989367">
      <ele>825</ele>
      <time>2026-09-09T23:18:30Z</time>
    </trkpt>
    <trkpt lat="49.708007" lon="18.989076">
      <ele>818</ele>
      <time>2026-09-09T23:19:12Z</time>
    </trkpt>
    <trkpt lat="49.707777" lon="18.988838">
      <ele>812</ele>
      <time>2026-09-09T23:19:52Z</time>
    </trkpt>
    <trkpt lat="49.707562" lon="18.988683">
      <ele>807</ele>
      <time>2026-09-09T23:20:25Z</time>
    </trkpt>
    <trkpt lat="49.707207" lon="18.988368">
      <ele>805</ele>
      <time>2026-09-09T23:21:23Z</time>
    </trkpt>
    <trkpt lat="49.707096" lon="18.988261">
      <ele>804</ele>
      <time>2026-09-09T23:21:41Z</time>
    </trkpt>
    <trkpt lat="49.706954" lon="18.988097">
      <ele>805</ele>
      <time>2026-09-09T23:22:06Z</time>
    </trkpt>
    <trkpt lat="49.706801" lon="18.987932">
      <ele>804</ele>
      <time>2026-09-09T23:22:32Z</time>
    </trkpt>
    <trkpt lat="49.706731" lon="18.987824">
      <ele>803</ele>
      <time>2026-09-09T23:22:46Z</time>
    </trkpt>
    <trkpt lat="49.706551" lon="18.987584">
      <ele>802</ele>
      <time>2026-09-09T23:23:19Z</time>
    </trkpt>
    <trkpt lat="49.706277" lon="18.987384">
      <ele>804</ele>
      <time>2026-09-09T23:24:02Z</time>
    </trkpt>
    <trkpt lat="49.706087" lon="18.987204">
      <ele>806</ele>
      <time>2026-09-09T23:24:33Z</time>
    </trkpt>
    <trkpt lat="49.705828" lon="18.986877">
      <ele>810</ele>
      <time>2026-09-09T23:25:20Z</time>
    </trkpt>
    <trkpt lat="49.70561" lon="18.986701">
      <ele>816</ele>
      <time>2026-09-09T23:25:55Z</time>
    </trkpt>
    <trkpt lat="49.705391" lon="18.9865">
      <ele>820</ele>
      <time>2026-09-09T23:26:31Z</time>
    </trkpt>
    <trkpt lat="49.705172" lon="18.986364">
      <ele>824</ele>
      <time>2026-09-09T23:27:05Z</time>
    </trkpt>
    <trkpt lat="49.705086" lon="18.986253">
      <ele>826</ele>
      <time>2026-09-09T23:27:20Z</time>
    </trkpt>
    <trkpt lat="49.7048" lon="18.985992">
      <ele>832</ele>
      <time>2026-09-09T23:28:07Z</time>
    </trkpt>
    <trkpt lat="49.704658" lon="18.985842">
      <ele>835</ele>
      <time>2026-09-09T23:28:32Z</time>
    </trkpt>
    <trkpt lat="49.704589" lon="18.985773">
      <ele>837</ele>
      <time>2026-09-09T23:28:43Z</time>
    </trkpt>
    <trkpt lat="49.704464" lon="18.985507">
      <ele>841</ele>
      <time>2026-09-09T23:29:14Z</time>
    </trkpt>
    <trkpt lat="49.704315" lon="18.985339">
      <ele>845</ele>
      <time>2026-09-09T23:29:40Z</time>
    </trkpt>
    <trkpt lat="49.704018" lon="18.984995">
      <ele>851</ele>
      <time>2026-09-09T23:30:32Z</time>
    </trkpt>
    <trkpt lat="49.703768" lon="18.98479">
      <ele>854</ele>
      <time>2026-09-09T23:31:12Z</time>
    </trkpt>
    <trkpt lat="49.703646" lon="18.984533">
      <ele>857</ele>
      <time>2026-09-09T23:31:41Z</time>
    </trkpt>
    <trkpt lat="49.70357" lon="18.984386">
      <ele>860</ele>
      <time>2026-09-09T23:31:59Z</time>
    </trkpt>
    <trkpt lat="49.703391" lon="18.984126">
      <ele>867</ele>
      <time>2026-09-09T23:32:34Z</time>
    </trkpt>
    <trkpt lat="49.703297" lon="18.983985">
      <ele>871</ele>
      <time>2026-09-09T23:32:53Z</time>
    </trkpt>
    <trkpt lat="49.703244" lon="18.983845">
      <ele>873</ele>
      <time>2026-09-09T23:33:08Z</time>
    </trkpt>
    <trkpt lat="49.702967" lon="18.983329">
      <ele>878</ele>
      <time>2026-09-09T23:34:09Z</time>
    </trkpt>
    <trkpt lat="49.702708" lon="18.982986">
      <ele>883</ele>
      <time>2026-09-09T23:34:57Z</time>
    </trkpt>
    <trkpt lat="49.702573" lon="18.982763">
      <ele>885</ele>
      <time>2026-09-09T23:35:25Z</time>
    </trkpt>
    <trkpt lat="49.702477" lon="18.982567">
      <ele>888</ele>
      <time>2026-09-09T23:35:47Z</time>
    </trkpt>
    <trkpt lat="49.702399" lon="18.982342">
      <ele>891</ele>
      <time>2026-09-09T23:36:11Z</time>
    </trkpt>
    <trkpt lat="49.702276" lon="18.982066">
      <ele>898</ele>
      <time>2026-09-09T23:36:42Z</time>
    </trkpt>
    <trkpt lat="49.702226" lon="18.98191">
      <ele>901</ele>
      <time>2026-09-09T23:36:58Z</time>
    </trkpt>
    <trkpt lat="49.702108" lon="18.981655">
      <ele>907</ele>
      <time>2026-09-09T23:37:28Z</time>
    </trkpt>
    <trkpt lat="49.701433" lon="18.980852">
      <ele>925</ele>
      <time>2026-09-09T23:39:29Z</time>
    </trkpt>
    <trkpt lat="49.701197" lon="18.980613">
      <ele>928</ele>
      <time>2026-09-09T23:40:08Z</time>
    </trkpt>
    <trkpt lat="49.700971" lon="18.9804">
      <ele>928</ele>
      <time>2026-09-09T23:40:45Z</time>
    </trkpt>
    <trkpt lat="49.700814" lon="18.980211">
      <ele>926</ele>
      <time>2026-09-09T23:41:13Z</time>
    </trkpt>
    <trkpt lat="49.700536" lon="18.979743">
      <ele>919</ele>
      <time>2026-09-09T23:42:11Z</time>
    </trkpt>
    <trkpt lat="49.700375" lon="18.979526">
      <ele>917</ele>
      <time>2026-09-09T23:42:42Z</time>
    </trkpt>
    <trkpt lat="49.700177" lon="18.979362">
      <ele>914</ele>
      <time>2026-09-09T23:43:13Z</time>
    </trkpt>
    <trkpt lat="49.700007" lon="18.979008">
      <ele>909</ele>
      <time>2026-09-09T23:43:53Z</time>
    </trkpt>
    <trkpt lat="49.69991" lon="18.978887">
      <ele>908</ele>
      <time>2026-09-09T23:44:11Z</time>
    </trkpt>
    <trkpt lat="49.699683" lon="18.978593">
      <ele>905</ele>
      <time>2026-09-09T23:44:53Z</time>
    </trkpt>
    <trkpt lat="49.6995" lon="18.978209">
      <ele>901</ele>
      <time>2026-09-09T23:45:36Z</time>
    </trkpt>
    <trkpt lat="49.699321" lon="18.977887">
      <ele>899</ele>
      <time>2026-09-09T23:46:14Z</time>
    </trkpt>
    <trkpt lat="49.699234" lon="18.9777">
      <ele>898</ele>
      <time>2026-09-09T23:46:35Z</time>
    </trkpt>
    <trkpt lat="49.699139" lon="18.977442">
      <ele>898</ele>
      <time>2026-09-09T23:47:02Z</time>
    </trkpt>
    <trkpt lat="49.699072" lon="18.977296">
      <ele>898</ele>
      <time>2026-09-09T23:47:18Z</time>
    </trkpt>
    <trkpt lat="49.698852" lon="18.976948">
      <ele>898</ele>
      <time>2026-09-09T23:48:02Z</time>
    </trkpt>
    <trkpt lat="49.698423" lon="18.976334">
      <ele>899</ele>
      <time>2026-09-09T23:49:24Z</time>
    </trkpt>
    <trkpt lat="49.698224" lon="18.976122">
      <ele>900</ele>
      <time>2026-09-09T23:49:58Z</time>
    </trkpt>
    <trkpt lat="49.698156" lon="18.976001">
      <ele>901</ele>
      <time>2026-09-09T23:50:12Z</time>
    </trkpt>
    <trkpt lat="49.698071" lon="18.975774">
      <ele>901</ele>
      <time>2026-09-09T23:50:36Z</time>
    </trkpt>
    <trkpt lat="49.697953" lon="18.975597">
      <ele>901</ele>
      <time>2026-09-09T23:50:59Z</time>
    </trkpt>
    <trkpt lat="49.697821" lon="18.975441">
      <ele>902</ele>
      <time>2026-09-09T23:51:22Z</time>
    </trkpt>
    <trkpt lat="49.697529" lon="18.975188">
      <ele>903</ele>
      <time>2026-09-09T23:52:09Z</time>
    </trkpt>
    <trkpt lat="49.697021" lon="18.974716">
      <ele>906</ele>
      <time>2026-09-09T23:53:32Z</time>
    </trkpt>
    <trkpt lat="49.696784" lon="18.974419">
      <ele>907</ele>
      <time>2026-09-09T23:54:15Z</time>
    </trkpt>
    <trkpt lat="49.696683" lon="18.974309">
      <ele>906</ele>
      <time>2026-09-09T23:54:32Z</time>
    </trkpt>
    <trkpt lat="49.696291" lon="18.974127">
      <ele>908</ele>
      <time>2026-09-09T23:55:29Z</time>
    </trkpt>
    <trkpt lat="49.695821" lon="18.973887">
      <ele>911</ele>
      <time>2026-09-09T23:56:39Z</time>
    </trkpt>
    <trkpt lat="49.69547" lon="18.97373">
      <ele>910</ele>
      <time>2026-09-09T23:57:30Z</time>
    </trkpt>
    <trkpt lat="49.695058" lon="18.97335">
      <ele>907</ele>
      <time>2026-09-09T23:58:37Z</time>
    </trkpt>
    <trkpt lat="49.694833" lon="18.973107">
      <ele>907</ele>
      <time>2026-09-09T23:59:15Z</time>
    </trkpt>
    <trkpt lat="49.694733" lon="18.973064">
      <ele>908</ele>
      <time>2026-09-09T23:59:30Z</time>
    </trkpt>
    <trkpt lat="49.694381" lon="18.973013">
      <ele>909</ele>
      <time>2026-09-10T00:00:20Z</time>
    </trkpt>
    <trkpt lat="49.69389" lon="18.972654">
      <ele>908</ele>
      <time>2026-09-10T00:01:35Z</time>
    </trkpt>
    <trkpt lat="49.693671" lon="18.972463">
      <ele>909</ele>
      <time>2026-09-10T00:02:11Z</time>
    </trkpt>
    <trkpt lat="49.693183" lon="18.971849">
      <ele>914</ele>
      <time>2026-09-10T00:03:39Z</time>
    </trkpt>
    <trkpt lat="49.692876" lon="18.971345">
      <ele>918</ele>
      <time>2026-09-10T00:04:42Z</time>
    </trkpt>
    <trkpt lat="49.692577" lon="18.970799">
      <ele>922</ele>
      <time>2026-09-10T00:05:47Z</time>
    </trkpt>
    <trkpt lat="49.692325" lon="18.970328">
      <ele>920</ele>
      <time>2026-09-10T00:06:42Z</time>
    </trkpt>
    <trkpt lat="49.691953" lon="18.969749">
      <ele>918</ele>
      <time>2026-09-10T00:07:56Z</time>
    </trkpt>
    <trkpt lat="49.691665" lon="18.969148">
      <ele>920</ele>
      <time>2026-09-10T00:09:04Z</time>
    </trkpt>
    <trkpt lat="49.691321" lon="18.968474">
      <ele>925</ele>
      <time>2026-09-10T00:10:21Z</time>
    </trkpt>
    <trkpt lat="49.691015" lon="18.967776">
      <ele>932</ele>
      <time>2026-09-10T00:11:38Z</time>
    </trkpt>
    <trkpt lat="49.690723" lon="18.967294">
      <ele>935</ele>
      <time>2026-09-10T00:12:38Z</time>
    </trkpt>
    <trkpt lat="49.690378" lon="18.966721">
      <ele>946</ele>
      <time>2026-09-10T00:13:50Z</time>
    </trkpt>
    <trkpt lat="49.690309" lon="18.96656">
      <ele>949</ele>
      <time>2026-09-10T00:14:08Z</time>
    </trkpt>
    <trkpt lat="49.690187" lon="18.9662">
      <ele>951</ele>
      <time>2026-09-10T00:14:45Z</time>
    </trkpt>
    <trkpt lat="49.690033" lon="18.965814">
      <ele>953</ele>
      <time>2026-09-10T00:15:26Z</time>
    </trkpt>
    <trkpt lat="49.689425" lon="18.964339">
      <ele>972</ele>
      <time>2026-09-10T00:18:06Z</time>
    </trkpt>
    <trkpt lat="49.689367" lon="18.964212">
      <ele>972</ele>
      <time>2026-09-10T00:18:20Z</time>
    </trkpt>
    <trkpt lat="49.689281" lon="18.964061">
      <ele>972</ele>
      <time>2026-09-10T00:18:38Z</time>
    </trkpt>
    <trkpt lat="49.689093" lon="18.963733">
      <ele>974</ele>
      <time>2026-09-10T00:19:18Z</time>
    </trkpt>
    <trkpt lat="49.688988" lon="18.963616">
      <ele>973</ele>
      <time>2026-09-10T00:19:36Z</time>
    </trkpt>
    <trkpt lat="49.688677" lon="18.963269">
      <ele>971</ele>
      <time>2026-09-10T00:20:28Z</time>
    </trkpt>
    <trkpt lat="49.688333" lon="18.963014">
      <ele>965</ele>
      <time>2026-09-10T00:21:19Z</time>
    </trkpt>
    <trkpt lat="49.688009" lon="18.962754">
      <ele>957</ele>
      <time>2026-09-10T00:22:09Z</time>
    </trkpt>
    <trkpt lat="49.687733" lon="18.962483">
      <ele>950</ele>
      <time>2026-09-10T00:22:54Z</time>
    </trkpt>
    <trkpt lat="49.687582" lon="18.962255">
      <ele>946</ele>
      <time>2026-09-10T00:23:23Z</time>
    </trkpt>
    <trkpt lat="49.687161" lon="18.96173">
      <ele>937</ele>
      <time>2026-09-10T00:24:36Z</time>
    </trkpt>
    <trkpt lat="49.686763" lon="18.961288">
      <ele>934</ele>
      <time>2026-09-10T00:25:29Z</time>
    </trkpt>
    <trkpt lat="49.686513" lon="18.961085">
      <ele>930</ele>
      <time>2026-09-10T00:26:00Z</time>
    </trkpt>
    <trkpt lat="49.686408" lon="18.961014">
      <ele>929</ele>
      <time>2026-09-10T00:26:12Z</time>
    </trkpt>
    <trkpt lat="49.686287" lon="18.960941">
      <ele>927</ele>
      <time>2026-09-10T00:26:26Z</time>
    </trkpt>
    <trkpt lat="49.686047" lon="18.960908">
      <ele>922</ele>
      <time>2026-09-10T00:26:53Z</time>
    </trkpt>
    <trkpt lat="49.685839" lon="18.960832">
      <ele>919</ele>
      <time>2026-09-10T00:27:16Z</time>
    </trkpt>
    <trkpt lat="49.685587" lon="18.960812">
      <ele>916</ele>
      <time>2026-09-10T00:27:44Z</time>
    </trkpt>
    <trkpt lat="49.68542" lon="18.960742">
      <ele>915</ele>
      <time>2026-09-10T00:28:02Z</time>
    </trkpt>
    <trkpt lat="49.684895" lon="18.960387">
      <ele>914</ele>
      <time>2026-09-10T00:29:04Z</time>
    </trkpt>
    <trkpt lat="49.684563" lon="18.96022">
      <ele>914</ele>
      <time>2026-09-10T00:29:42Z</time>
    </trkpt>
    <trkpt lat="49.684214" lon="18.960038">
      <ele>912</ele>
      <time>2026-09-10T00:30:22Z</time>
    </trkpt>
    <trkpt lat="49.683335" lon="18.959267">
      <ele>907</ele>
      <time>2026-09-10T00:32:11Z</time>
    </trkpt>
    <trkpt lat="49.68311" lon="18.959149">
      <ele>902</ele>
      <time>2026-09-10T00:32:37Z</time>
    </trkpt>
    <trkpt lat="49.682475" lon="18.958496">
      <ele>896</ele>
      <time>2026-09-10T00:34:00Z</time>
    </trkpt>
    <trkpt lat="49.681445" lon="18.957522">
      <ele>880</ele>
      <time>2026-09-10T00:36:11Z</time>
    </trkpt>
    <trkpt lat="49.681235" lon="18.957261">
      <ele>878</ele>
      <time>2026-09-10T00:36:41Z</time>
    </trkpt>
    <trkpt lat="49.680829" lon="18.956529">
      <ele>883</ele>
      <time>2026-09-10T00:37:48Z</time>
    </trkpt>
    <trkpt lat="49.680681" lon="18.956465">
      <ele>884</ele>
      <time>2026-09-10T00:38:05Z</time>
    </trkpt>
    <trkpt lat="49.680392" lon="18.956263">
      <ele>888</ele>
      <time>2026-09-10T00:38:39Z</time>
    </trkpt>
    <trkpt lat="49.680244" lon="18.956119">
      <ele>891</ele>
      <time>2026-09-10T00:38:59Z</time>
    </trkpt>
    <trkpt lat="49.679684" lon="18.955369">
      <ele>897</ele>
      <time>2026-09-10T00:40:19Z</time>
    </trkpt>
    <trkpt lat="49.67948" lon="18.955097">
      <ele>897</ele>
      <time>2026-09-10T00:40:48Z</time>
    </trkpt>
    <trkpt lat="49.679444" lon="18.955047">
      <ele>897</ele>
      <time>2026-09-10T00:40:53Z</time>
    </trkpt>
    <trkpt lat="49.679336" lon="18.954914">
      <ele>899</ele>
      <time>2026-09-10T00:41:08Z</time>
    </trkpt>
    <trkpt lat="49.678992" lon="18.954585">
      <ele>907</ele>
      <time>2026-09-10T00:41:53Z</time>
    </trkpt>
    <trkpt lat="49.678115" lon="18.954608">
      <ele>916</ele>
      <time>2026-09-10T00:43:28Z</time>
    </trkpt>
    <trkpt lat="49.677954" lon="18.954612">
      <ele>916</ele>
      <time>2026-09-10T00:43:45Z</time>
    </trkpt>
    <trkpt lat="49.677625" lon="18.954618">
      <ele>916</ele>
      <time>2026-09-10T00:44:21Z</time>
    </trkpt>
    <trkpt lat="49.677488" lon="18.954685">
      <ele>916</ele>
      <time>2026-09-10T00:44:36Z</time>
    </trkpt>
    <trkpt lat="49.677358" lon="18.95472">
      <ele>917</ele>
      <time>2026-09-10T00:44:51Z</time>
    </trkpt>
    <trkpt lat="49.677042" lon="18.95465">
      <ele>917</ele>
      <time>2026-09-10T00:45:25Z</time>
    </trkpt>
    <trkpt lat="49.676852" lon="18.954626">
      <ele>917</ele>
      <time>2026-09-10T00:45:46Z</time>
    </trkpt>
    <trkpt lat="49.676619" lon="18.954622">
      <ele>915</ele>
      <time>2026-09-10T00:46:11Z</time>
    </trkpt>
    <trkpt lat="49.676488" lon="18.954657">
      <ele>915</ele>
      <time>2026-09-10T00:46:25Z</time>
    </trkpt>
    <trkpt lat="49.676147" lon="18.954778">
      <ele>914</ele>
      <time>2026-09-10T00:47:03Z</time>
    </trkpt>
    <trkpt lat="49.675877" lon="18.954905">
      <ele>915</ele>
      <time>2026-09-10T00:47:34Z</time>
    </trkpt>
    <trkpt lat="49.67573" lon="18.954986">
      <ele>915</ele>
      <time>2026-09-10T00:47:51Z</time>
    </trkpt>
    <trkpt lat="49.675619" lon="18.95502">
      <ele>914</ele>
      <time>2026-09-10T00:48:03Z</time>
    </trkpt>
    <trkpt lat="49.675238" lon="18.955314">
      <ele>911</ele>
      <time>2026-09-10T00:48:49Z</time>
    </trkpt>
    <trkpt lat="49.674832" lon="18.955551">
      <ele>907</ele>
      <time>2026-09-10T00:49:36Z</time>
    </trkpt>
    <trkpt lat="49.674825" lon="18.955476">
      <ele>908</ele>
      <time>2026-09-10T00:49:41Z</time>
    </trkpt>
    <trkpt lat="49.674899" lon="18.955023">
      <ele>909</ele>
      <time>2026-09-10T00:50:14Z</time>
    </trkpt>
    <trkpt lat="49.675022" lon="18.954579">
      <ele>908</ele>
      <time>2026-09-10T00:50:48Z</time>
    </trkpt>
    <trkpt lat="49.675122" lon="18.954158">
      <ele>904</ele>
      <time>2026-09-10T00:51:20Z</time>
    </trkpt>
    <trkpt lat="49.675149" lon="18.953949">
      <ele>900</ele>
      <time>2026-09-10T00:51:36Z</time>
    </trkpt>
    <trkpt lat="49.675165" lon="18.953733">
      <ele>897</ele>
      <time>2026-09-10T00:51:51Z</time>
    </trkpt>
    <trkpt lat="49.675459" lon="18.952897">
      <ele>888</ele>
      <time>2026-09-10T00:52:59Z</time>
    </trkpt>
    <trkpt lat="49.675654" lon="18.952261">
      <ele>880</ele>
      <time>2026-09-10T00:53:49Z</time>
    </trkpt>
    <trkpt lat="49.675689" lon="18.951885">
      <ele>872</ele>
      <time>2026-09-10T00:54:17Z</time>
    </trkpt>
    <trkpt lat="49.675667" lon="18.951516">
      <ele>866</ele>
      <time>2026-09-10T00:54:44Z</time>
    </trkpt>
    <trkpt lat="49.675662" lon="18.951276">
      <ele>861</ele>
      <time>2026-09-10T00:55:01Z</time>
    </trkpt>
    <trkpt lat="49.675733" lon="18.950955">
      <ele>855</ele>
      <time>2026-09-10T00:55:26Z</time>
    </trkpt>
    <trkpt lat="49.67599" lon="18.950497">
      <ele>849</ele>
      <time>2026-09-10T00:56:09Z</time>
    </trkpt>
    <trkpt lat="49.676453" lon="18.949898">
      <ele>844</ele>
      <time>2026-09-10T00:57:15Z</time>
    </trkpt>
    <trkpt lat="49.676524" lon="18.94969">
      <ele>842</ele>
      <time>2026-09-10T00:57:32Z</time>
    </trkpt>
    <trkpt lat="49.676575" lon="18.949433">
      <ele>838</ele>
      <time>2026-09-10T00:57:51Z</time>
    </trkpt>
    <trkpt lat="49.676699" lon="18.94918">
      <ele>833</ele>
      <time>2026-09-10T00:58:14Z</time>
    </trkpt>
    <trkpt lat="49.676829" lon="18.948749">
      <ele>827</ele>
      <time>2026-09-10T00:58:48Z</time>
    </trkpt>
    <trkpt lat="49.676883" lon="18.948648">
      <ele>826</ele>
      <time>2026-09-10T00:58:57Z</time>
    </trkpt>
    <trkpt lat="49.676992" lon="18.948524">
      <ele>825</ele>
      <time>2026-09-10T00:59:12Z</time>
    </trkpt>
    <trkpt lat="49.677145" lon="18.948413">
      <ele>823</ele>
      <time>2026-09-10T00:59:30Z</time>
    </trkpt>
    <trkpt lat="49.677474" lon="18.948172">
      <ele>821</ele>
      <time>2026-09-10T01:00:10Z</time>
    </trkpt>
    <trkpt lat="49.677638" lon="18.948032">
      <ele>820</ele>
      <time>2026-09-10T01:00:31Z</time>
    </trkpt>
    <trkpt lat="49.677799" lon="18.947816">
      <ele>819</ele>
      <time>2026-09-10T01:00:54Z</time>
    </trkpt>
    <trkpt lat="49.678073" lon="18.947215">
      <ele>805</ele>
      <time>2026-09-10T01:01:47Z</time>
    </trkpt>
    <trkpt lat="49.678231" lon="18.946821">
      <ele>798</ele>
      <time>2026-09-10T01:02:21Z</time>
    </trkpt>
    <trkpt lat="49.678261" lon="18.946755">
      <ele>798</ele>
      <time>2026-09-10T01:02:26Z</time>
    </trkpt>
    <trkpt lat="49.678729" lon="18.945842">
      <ele>793</ele>
      <time>2026-09-10T01:03:48Z</time>
    </trkpt>
    <trkpt lat="49.678947" lon="18.945259">
      <ele>790</ele>
      <time>2026-09-10T01:04:36Z</time>
    </trkpt>
    <trkpt lat="49.679324" lon="18.944491">
      <ele>781</ele>
      <time>2026-09-10T01:06:07Z</time>
    </trkpt>
    <trkpt lat="49.679778" lon="18.943638">
      <ele>774</ele>
      <time>2026-09-10T01:07:50Z</time>
    </trkpt>
    <trkpt lat="49.680151" lon="18.942954">
      <ele>772</ele>
      <time>2026-09-10T01:09:14Z</time>
    </trkpt>
    <trkpt lat="49.680362" lon="18.942416">
      <ele>778</ele>
      <time>2026-09-10T01:10:13Z</time>
    </trkpt>
    <trkpt lat="49.681075" lon="18.941533">
      <ele>779</ele>
      <time>2026-09-10T01:12:25Z</time>
    </trkpt>
    <trkpt lat="49.681546" lon="18.940775">
      <ele>784</ele>
      <time>2026-09-10T01:14:03Z</time>
    </trkpt>
    <trkpt lat="49.681703" lon="18.940516">
      <ele>784</ele>
      <time>2026-09-10T01:14:36Z</time>
    </trkpt>
    <trkpt lat="49.682498" lon="18.939158">
      <ele>783</ele>
      <time>2026-09-10T01:16:46Z</time>
    </trkpt>
    <trkpt lat="49.682689" lon="18.938904">
      <ele>780</ele>
      <time>2026-09-10T01:17:13Z</time>
    </trkpt>
    <trkpt lat="49.683088" lon="18.938535">
      <ele>782</ele>
      <time>2026-09-10T01:18:04Z</time>
    </trkpt>
    <trkpt lat="49.68346" lon="18.938088">
      <ele>779</ele>
      <time>2026-09-10T01:18:56Z</time>
    </trkpt>
    <trkpt lat="49.683848" lon="18.937487">
      <ele>773</ele>
      <time>2026-09-10T01:19:56Z</time>
    </trkpt>
    <trkpt lat="49.684291" lon="18.936844">
      <ele>772</ele>
      <time>2026-09-10T01:21:03Z</time>
    </trkpt>
    <trkpt lat="49.684786" lon="18.93624">
      <ele>770</ele>
      <time>2026-09-10T01:22:12Z</time>
    </trkpt>
    <trkpt lat="49.685328" lon="18.935362">
      <ele>771</ele>
      <time>2026-09-10T01:23:38Z</time>
    </trkpt>
    <trkpt lat="49.685511" lon="18.93489">
      <ele>772</ele>
      <time>2026-09-10T01:24:17Z</time>
    </trkpt>
    <trkpt lat="49.68624" lon="18.933632">
      <ele>777</ele>
      <time>2026-09-10T01:26:16Z</time>
    </trkpt>
    <trkpt lat="49.687344" lon="18.931927">
      <ele>784</ele>
      <time>2026-09-10T01:29:07Z</time>
    </trkpt>
    <trkpt lat="49.687802" lon="18.93132">
      <ele>790</ele>
      <time>2026-09-10T01:30:13Z</time>
    </trkpt>
    <trkpt lat="49.688378" lon="18.930725">
      <ele>789</ele>
      <time>2026-09-10T01:31:29Z</time>
    </trkpt>
    <trkpt lat="49.688717" lon="18.930282">
      <ele>789</ele>
      <time>2026-09-10T01:32:18Z</time>
    </trkpt>
    <trkpt lat="49.6895" lon="18.9294">
      <ele>792</ele>
      <time>2026-09-10T01:34:04Z</time>
    </trkpt>
    <trkpt lat="49.689585" lon="18.929281">
      <ele>792</ele>
      <time>2026-09-10T01:34:16Z</time>
    </trkpt>
    <trkpt lat="49.689773" lon="18.928887">
      <ele>792</ele>
      <time>2026-09-10T01:34:51Z</time>
    </trkpt>
    <trkpt lat="49.68983" lon="18.928802">
      <ele>792</ele>
      <time>2026-09-10T01:35:00Z</time>
    </trkpt>
    <trkpt lat="49.690067" lon="18.928158">
      <ele>792</ele>
      <time>2026-09-10T01:35:52Z</time>
    </trkpt>
    <trkpt lat="49.690546" lon="18.927594">
      <ele>796</ele>
      <time>2026-09-10T01:36:58Z</time>
    </trkpt>
    <trkpt lat="49.690878" lon="18.926856">
      <ele>801</ele>
      <time>2026-09-10T01:38:02Z</time>
    </trkpt>
    <trkpt lat="49.691296" lon="18.92626">
      <ele>794</ele>
      <time>2026-09-10T01:39:04Z</time>
    </trkpt>
    <trkpt lat="49.691535" lon="18.926018">
      <ele>789</ele>
      <time>2026-09-10T01:39:36Z</time>
    </trkpt>
    <trkpt lat="49.691942" lon="18.925687">
      <ele>780</ele>
      <time>2026-09-10T01:40:20Z</time>
    </trkpt>
    <trkpt lat="49.692021" lon="18.925613">
      <ele>781</ele>
      <time>2026-09-10T01:40:29Z</time>
    </trkpt>
    <trkpt lat="49.692311" lon="18.925333">
      <ele>783</ele>
      <time>2026-09-10T01:41:02Z</time>
    </trkpt>
    <trkpt lat="49.692575" lon="18.925027">
      <ele>781</ele>
      <time>2026-09-10T01:41:33Z</time>
    </trkpt>
    <trkpt lat="49.692849" lon="18.92445">
      <ele>782</ele>
      <time>2026-09-10T01:42:17Z</time>
    </trkpt>
    <trkpt lat="49.693003" lon="18.924313">
      <ele>785</ele>
      <time>2026-09-10T01:42:34Z</time>
    </trkpt>
    <trkpt lat="49.693341" lon="18.923772">
      <ele>788</ele>
      <time>2026-09-10T01:43:21Z</time>
    </trkpt>
    <trkpt lat="49.693488" lon="18.923628">
      <ele>788</ele>
      <time>2026-09-10T01:43:37Z</time>
    </trkpt>
    <trkpt lat="49.693627" lon="18.923408">
      <ele>787</ele>
      <time>2026-09-10T01:43:56Z</time>
    </trkpt>
    <trkpt lat="49.694063" lon="18.923167">
      <ele>780</ele>
      <time>2026-09-10T01:44:40Z</time>
    </trkpt>
    <trkpt lat="49.694311" lon="18.923033">
      <ele>778</ele>
      <time>2026-09-10T01:45:06Z</time>
    </trkpt>
    <trkpt lat="49.694418" lon="18.92294">
      <ele>777</ele>
      <time>2026-09-10T01:45:17Z</time>
    </trkpt>
    <trkpt lat="49.69464" lon="18.922592">
      <ele>772</ele>
      <time>2026-09-10T01:45:48Z</time>
    </trkpt>
    <trkpt lat="49.69478" lon="18.922488">
      <ele>770</ele>
      <time>2026-09-10T01:46:02Z</time>
    </trkpt>
    <trkpt lat="49.694907" lon="18.922365">
      <ele>768</ele>
      <time>2026-09-10T01:46:17Z</time>
    </trkpt>
    <trkpt lat="49.695014" lon="18.922303">
      <ele>767</ele>
      <time>2026-09-10T01:46:28Z</time>
    </trkpt>
    <trkpt lat="49.695284" lon="18.922185">
      <ele>768</ele>
      <time>2026-09-10T01:46:54Z</time>
    </trkpt>
    <trkpt lat="49.69551" lon="18.922062">
      <ele>766</ele>
      <time>2026-09-10T01:47:17Z</time>
    </trkpt>
    <trkpt lat="49.695745" lon="18.922036">
      <ele>765</ele>
      <time>2026-09-10T01:47:39Z</time>
    </trkpt>
    <trkpt lat="49.695878" lon="18.921968">
      <ele>763</ele>
      <time>2026-09-10T01:47:53Z</time>
    </trkpt>
    <trkpt lat="49.696074" lon="18.921737">
      <ele>758</ele>
      <time>2026-09-10T01:48:17Z</time>
    </trkpt>
    <trkpt lat="49.696367" lon="18.921573">
      <ele>756</ele>
      <time>2026-09-10T01:48:46Z</time>
    </trkpt>
    <trkpt lat="49.696806" lon="18.921137">
      <ele>754</ele>
      <time>2026-09-10T01:49:36Z</time>
    </trkpt>
    <trkpt lat="49.697066" lon="18.920861">
      <ele>755</ele>
      <time>2026-09-10T01:50:26Z</time>
    </trkpt>
    <trkpt lat="49.697302" lon="18.920563">
      <ele>754</ele>
      <time>2026-09-10T01:51:14Z</time>
    </trkpt>
    <trkpt lat="49.697566" lon="18.92026">
      <ele>758</ele>
      <time>2026-09-10T01:52:06Z</time>
    </trkpt>
    <trkpt lat="49.697759" lon="18.919836">
      <ele>760</ele>
      <time>2026-09-10T01:52:59Z</time>
    </trkpt>
    <trkpt lat="49.697861" lon="18.919669">
      <ele>761</ele>
      <time>2026-09-10T01:53:22Z</time>
    </trkpt>
    <trkpt lat="49.697949" lon="18.919608">
      <ele>763</ele>
      <time>2026-09-10T01:53:37Z</time>
    </trkpt>
    <trkpt lat="49.698023" lon="18.919391">
      <ele>766</ele>
      <time>2026-09-10T01:54:03Z</time>
    </trkpt>
    <trkpt lat="49.698134" lon="18.919133">
      <ele>770</ele>
      <time>2026-09-10T01:54:35Z</time>
    </trkpt>
    <trkpt lat="49.698309" lon="18.918876">
      <ele>774</ele>
      <time>2026-09-10T01:55:13Z</time>
    </trkpt>
    <trkpt lat="49.698364" lon="18.918604">
      <ele>775</ele>
      <time>2026-09-10T01:55:42Z</time>
    </trkpt>
    <trkpt lat="49.698414" lon="18.918496">
      <ele>775</ele>
      <time>2026-09-10T01:55:56Z</time>
    </trkpt>
    <trkpt lat="49.698538" lon="18.918296">
      <ele>777</ele>
      <time>2026-09-10T01:56:24Z</time>
    </trkpt>
    <trkpt lat="49.698685" lon="18.918001">
      <ele>779</ele>
      <time>2026-09-10T01:57:02Z</time>
    </trkpt>
    <trkpt lat="49.698819" lon="18.917808">
      <ele>781</ele>
      <time>2026-09-10T01:57:31Z</time>
    </trkpt>
    <trkpt lat="49.699237" lon="18.917577">
      <ele>785</ele>
      <time>2026-09-10T01:58:41Z</time>
    </trkpt>
    <trkpt lat="49.699374" lon="18.91744">
      <ele>787</ele>
      <time>2026-09-10T01:59:07Z</time>
    </trkpt>
    <trkpt lat="49.699644" lon="18.917234">
      <ele>790</ele>
      <time>2026-09-10T01:59:55Z</time>
    </trkpt>
    <trkpt lat="49.699943" lon="18.916915">
      <ele>789</ele>
      <time>2026-09-10T02:00:52Z</time>
    </trkpt>
    <trkpt lat="49.70055" lon="18.91618">
      <ele>793</ele>
      <time>2026-09-10T02:02:53Z</time>
    </trkpt>
    <trkpt lat="49.700752" lon="18.915903">
      <ele>793</ele>
      <time>2026-09-10T02:03:36Z</time>
    </trkpt>
    <trkpt lat="49.70055" lon="18.91618">
      <ele>793</ele>
      <time>2026-09-10T02:04:03Z</time>
    </trkpt>
    <trkpt lat="49.699943" lon="18.916915">
      <ele>789</ele>
      <time>2026-09-10T02:05:21Z</time>
    </trkpt>
    <trkpt lat="49.699644" lon="18.917234">
      <ele>790</ele>
      <time>2026-09-10T02:05:58Z</time>
    </trkpt>
    <trkpt lat="49.699374" lon="18.91744">
      <ele>787</ele>
      <time>2026-09-10T02:06:29Z</time>
    </trkpt>
    <trkpt lat="49.699237" lon="18.917577">
      <ele>785</ele>
      <time>2026-09-10T02:06:45Z</time>
    </trkpt>
    <trkpt lat="49.698819" lon="18.917808">
      <ele>781</ele>
      <time>2026-09-10T02:07:31Z</time>
    </trkpt>
    <trkpt lat="49.698685" lon="18.918001">
      <ele>779</ele>
      <time>2026-09-10T02:07:49Z</time>
    </trkpt>
    <trkpt lat="49.698538" lon="18.918296">
      <ele>777</ele>
      <time>2026-09-10T02:08:14Z</time>
    </trkpt>
    <trkpt lat="49.698414" lon="18.918496">
      <ele>775</ele>
      <time>2026-09-10T02:08:32Z</time>
    </trkpt>
    <trkpt lat="49.698364" lon="18.918604">
      <ele>775</ele>
      <time>2026-09-10T02:08:41Z</time>
    </trkpt>
    <trkpt lat="49.698309" lon="18.918876">
      <ele>774</ele>
      <time>2026-09-10T02:08:59Z</time>
    </trkpt>
    <trkpt lat="49.698134" lon="18.919133">
      <ele>770</ele>
      <time>2026-09-10T02:09:24Z</time>
    </trkpt>
    <trkpt lat="49.698023" lon="18.919391">
      <ele>766</ele>
      <time>2026-09-10T02:09:44Z</time>
    </trkpt>
    <trkpt lat="49.697949" lon="18.919608">
      <ele>763</ele>
      <time>2026-09-10T02:10:01Z</time>
    </trkpt>
    <trkpt lat="49.697861" lon="18.919669">
      <ele>761</ele>
      <time>2026-09-10T02:10:11Z</time>
    </trkpt>
    <trkpt lat="49.697759" lon="18.919836">
      <ele>760</ele>
      <time>2026-09-10T02:10:26Z</time>
    </trkpt>
    <trkpt lat="49.697566" lon="18.92026">
      <ele>758</ele>
      <time>2026-09-10T02:11:00Z</time>
    </trkpt>
    <trkpt lat="49.697302" lon="18.920563">
      <ele>754</ele>
      <time>2026-09-10T02:11:33Z</time>
    </trkpt>
    <trkpt lat="49.697066" lon="18.920861">
      <ele>755</ele>
      <time>2026-09-10T02:12:04Z</time>
    </trkpt>
    <trkpt lat="49.696806" lon="18.921137">
      <ele>754</ele>
      <time>2026-09-10T02:12:36Z</time>
    </trkpt>
    <trkpt lat="49.696367" lon="18.921573">
      <ele>756</ele>
      <time>2026-09-10T02:13:50Z</time>
    </trkpt>
    <trkpt lat="49.696074" lon="18.921737">
      <ele>758</ele>
      <time>2026-09-10T02:14:35Z</time>
    </trkpt>
    <trkpt lat="49.695878" lon="18.921968">
      <ele>763</ele>
      <time>2026-09-10T02:15:11Z</time>
    </trkpt>
    <trkpt lat="49.695745" lon="18.922036">
      <ele>765</ele>
      <time>2026-09-10T02:15:31Z</time>
    </trkpt>
    <trkpt lat="49.69551" lon="18.922062">
      <ele>766</ele>
      <time>2026-09-10T02:16:04Z</time>
    </trkpt>
    <trkpt lat="49.695284" lon="18.922185">
      <ele>768</ele>
      <time>2026-09-10T02:16:39Z</time>
    </trkpt>
    <trkpt lat="49.695014" lon="18.922303">
      <ele>767</ele>
      <time>2026-09-10T02:17:19Z</time>
    </trkpt>
    <trkpt lat="49.694907" lon="18.922365">
      <ele>768</ele>
      <time>2026-09-10T02:17:35Z</time>
    </trkpt>
    <trkpt lat="49.69478" lon="18.922488">
      <ele>770</ele>
      <time>2026-09-10T02:17:56Z</time>
    </trkpt>
    <trkpt lat="49.69464" lon="18.922592">
      <ele>772</ele>
      <time>2026-09-10T02:18:19Z</time>
    </trkpt>
    <trkpt lat="49.694418" lon="18.92294">
      <ele>777</ele>
      <time>2026-09-10T02:19:04Z</time>
    </trkpt>
    <trkpt lat="49.694311" lon="18.923033">
      <ele>778</ele>
      <time>2026-09-10T02:19:22Z</time>
    </trkpt>
    <trkpt lat="49.694063" lon="18.923167">
      <ele>780</ele>
      <time>2026-09-10T02:19:59Z</time>
    </trkpt>
    <trkpt lat="49.693627" lon="18.923408">
      <ele>787</ele>
      <time>2026-09-10T02:21:06Z</time>
    </trkpt>
    <trkpt lat="49.693488" lon="18.923628">
      <ele>788</ele>
      <time>2026-09-10T02:21:34Z</time>
    </trkpt>
    <trkpt lat="49.693341" lon="18.923772">
      <ele>788</ele>
      <time>2026-09-10T02:21:59Z</time>
    </trkpt>
    <trkpt lat="49.693003" lon="18.924313">
      <ele>785</ele>
      <time>2026-09-10T02:23:09Z</time>
    </trkpt>
    <trkpt lat="49.692849" lon="18.92445">
      <ele>782</ele>
      <time>2026-09-10T02:23:34Z</time>
    </trkpt>
    <trkpt lat="49.692575" lon="18.925027">
      <ele>781</ele>
      <time>2026-09-10T02:24:40Z</time>
    </trkpt>
    <trkpt lat="49.692311" lon="18.925333">
      <ele>783</ele>
      <time>2026-09-10T02:25:27Z</time>
    </trkpt>
    <trkpt lat="49.692021" lon="18.925613">
      <ele>781</ele>
      <time>2026-09-10T02:26:16Z</time>
    </trkpt>
    <trkpt lat="49.691942" lon="18.925687">
      <ele>780</ele>
      <time>2026-09-10T02:26:29Z</time>
    </trkpt>
    <trkpt lat="49.691535" lon="18.926018">
      <ele>789</ele>
      <time>2026-09-10T02:27:36Z</time>
    </trkpt>
    <trkpt lat="49.691296" lon="18.92626">
      <ele>794</ele>
      <time>2026-09-10T02:28:08Z</time>
    </trkpt>
    <trkpt lat="49.690878" lon="18.926856">
      <ele>801</ele>
      <time>2026-09-10T02:29:10Z</time>
    </trkpt>
    <trkpt lat="49.690546" lon="18.927594">
      <ele>796</ele>
      <time>2026-09-10T02:30:14Z</time>
    </trkpt>
    <trkpt lat="49.690067" lon="18.928158">
      <ele>792</ele>
      <time>2026-09-10T02:31:20Z</time>
    </trkpt>
    <trkpt lat="49.68983" lon="18.928802">
      <ele>792</ele>
      <time>2026-09-10T02:32:12Z</time>
    </trkpt>
    <trkpt lat="49.689773" lon="18.928887">
      <ele>792</ele>
      <time>2026-09-10T02:32:21Z</time>
    </trkpt>
    <trkpt lat="49.689585" lon="18.929281">
      <ele>792</ele>
      <time>2026-09-10T02:32:56Z</time>
    </trkpt>
    <trkpt lat="49.6895" lon="18.9294">
      <ele>792</ele>
      <time>2026-09-10T02:33:08Z</time>
    </trkpt>
    <trkpt lat="49.688717" lon="18.930282">
      <ele>789</ele>
      <time>2026-09-10T02:34:54Z</time>
    </trkpt>
    <trkpt lat="49.688378" lon="18.930725">
      <ele>789</ele>
      <time>2026-09-10T02:35:43Z</time>
    </trkpt>
    <trkpt lat="49.687802" lon="18.93132">
      <ele>790</ele>
      <time>2026-09-10T02:36:59Z</time>
    </trkpt>
    <trkpt lat="49.687344" lon="18.931927">
      <ele>784</ele>
      <time>2026-09-10T02:38:05Z</time>
    </trkpt>
    <trkpt lat="49.68624" lon="18.933632">
      <ele>777</ele>
      <time>2026-09-10T02:40:56Z</time>
    </trkpt>
    <trkpt lat="49.685511" lon="18.93489">
      <ele>772</ele>
      <time>2026-09-10T02:42:55Z</time>
    </trkpt>
    <trkpt lat="49.685328" lon="18.935362">
      <ele>771</ele>
      <time>2026-09-10T02:43:34Z</time>
    </trkpt>
    <trkpt lat="49.684786" lon="18.93624">
      <ele>770</ele>
      <time>2026-09-10T02:45:00Z</time>
    </trkpt>
    <trkpt lat="49.684291" lon="18.936844">
      <ele>772</ele>
      <time>2026-09-10T02:46:09Z</time>
    </trkpt>
    <trkpt lat="49.683848" lon="18.937487">
      <ele>773</ele>
      <time>2026-09-10T02:47:16Z</time>
    </trkpt>
    <trkpt lat="49.68346" lon="18.938088">
      <ele>779</ele>
      <time>2026-09-10T02:48:16Z</time>
    </trkpt>
    <trkpt lat="49.683088" lon="18.938535">
      <ele>782</ele>
      <time>2026-09-10T02:49:08Z</time>
    </trkpt>
    <trkpt lat="49.682689" lon="18.938904">
      <ele>780</ele>
      <time>2026-09-10T02:49:59Z</time>
    </trkpt>
    <trkpt lat="49.682498" lon="18.939158">
      <ele>783</ele>
      <time>2026-09-10T02:50:26Z</time>
    </trkpt>
    <trkpt lat="49.681703" lon="18.940516">
      <ele>784</ele>
      <time>2026-09-10T02:52:36Z</time>
    </trkpt>
    <trkpt lat="49.681546" lon="18.940775">
      <ele>784</ele>
      <time>2026-09-10T02:53:09Z</time>
    </trkpt>
    <trkpt lat="49.681075" lon="18.941533">
      <ele>779</ele>
      <time>2026-09-10T02:54:47Z</time>
    </trkpt>
    <trkpt lat="49.680362" lon="18.942416">
      <ele>778</ele>
      <time>2026-09-10T02:56:59Z</time>
    </trkpt>
    <trkpt lat="49.680151" lon="18.942954">
      <ele>772</ele>
      <time>2026-09-10T02:57:58Z</time>
    </trkpt>
    <trkpt lat="49.679778" lon="18.943638">
      <ele>774</ele>
      <time>2026-09-10T02:59:22Z</time>
    </trkpt>
    <trkpt lat="49.679324" lon="18.944491">
      <ele>781</ele>
      <time>2026-09-10T03:01:05Z</time>
    </trkpt>
    <trkpt lat="49.678947" lon="18.945259">
      <ele>790</ele>
      <time>2026-09-10T03:02:36Z</time>
    </trkpt>
    <trkpt lat="49.678729" lon="18.945842">
      <ele>793</ele>
      <time>2026-09-10T03:03:55Z</time>
    </trkpt>
    <trkpt lat="49.678261" lon="18.946755">
      <ele>798</ele>
      <time>2026-09-10T03:06:12Z</time>
    </trkpt>
    <trkpt lat="49.678231" lon="18.946821">
      <ele>798</ele>
      <time>2026-09-10T03:06:22Z</time>
    </trkpt>
    <trkpt lat="49.678073" lon="18.947215">
      <ele>805</ele>
      <time>2026-09-10T03:07:17Z</time>
    </trkpt>
    <trkpt lat="49.677799" lon="18.947816">
      <ele>819</ele>
      <time>2026-09-10T03:08:46Z</time>
    </trkpt>
    <trkpt lat="49.677638" lon="18.948032">
      <ele>820</ele>
      <time>2026-09-10T03:09:25Z</time>
    </trkpt>
    <trkpt lat="49.677474" lon="18.948172">
      <ele>821</ele>
      <time>2026-09-10T03:09:59Z</time>
    </trkpt>
    <trkpt lat="49.677145" lon="18.948413">
      <ele>823</ele>
      <time>2026-09-10T03:11:05Z</time>
    </trkpt>
    <trkpt lat="49.676992" lon="18.948524">
      <ele>825</ele>
      <time>2026-09-10T03:11:36Z</time>
    </trkpt>
    <trkpt lat="49.676883" lon="18.948648">
      <ele>826</ele>
      <time>2026-09-10T03:12:01Z</time>
    </trkpt>
    <trkpt lat="49.676829" lon="18.948749">
      <ele>827</ele>
      <time>2026-09-10T03:12:16Z</time>
    </trkpt>
    <trkpt lat="49.676699" lon="18.94918">
      <ele>833</ele>
      <time>2026-09-10T03:13:13Z</time>
    </trkpt>
    <trkpt lat="49.676575" lon="18.949433">
      <ele>838</ele>
      <time>2026-09-10T03:13:51Z</time>
    </trkpt>
    <trkpt lat="49.676524" lon="18.94969">
      <ele>842</ele>
      <time>2026-09-10T03:14:23Z</time>
    </trkpt>
    <trkpt lat="49.676453" lon="18.949898">
      <ele>844</ele>
      <time>2026-09-10T03:14:51Z</time>
    </trkpt>
    <trkpt lat="49.67599" lon="18.950497">
      <ele>849</ele>
      <time>2026-09-10T03:16:41Z</time>
    </trkpt>
    <trkpt lat="49.675733" lon="18.950955">
      <ele>855</ele>
      <time>2026-09-10T03:17:53Z</time>
    </trkpt>
    <trkpt lat="49.675662" lon="18.951276">
      <ele>861</ele>
      <time>2026-09-10T03:18:34Z</time>
    </trkpt>
    <trkpt lat="49.675667" lon="18.951516">
      <ele>866</ele>
      <time>2026-09-10T03:19:03Z</time>
    </trkpt>
    <trkpt lat="49.675689" lon="18.951885">
      <ele>872</ele>
      <time>2026-09-10T03:19:48Z</time>
    </trkpt>
    <trkpt lat="49.675654" lon="18.952261">
      <ele>880</ele>
      <time>2026-09-10T03:20:34Z</time>
    </trkpt>
    <trkpt lat="49.675459" lon="18.952897">
      <ele>888</ele>
      <time>2026-09-10T03:21:58Z</time>
    </trkpt>
    <trkpt lat="49.675165" lon="18.953733">
      <ele>897</ele>
      <time>2026-09-10T03:23:50Z</time>
    </trkpt>
    <trkpt lat="49.675149" lon="18.953949">
      <ele>900</ele>
      <time>2026-09-10T03:24:16Z</time>
    </trkpt>
    <trkpt lat="49.675122" lon="18.954158">
      <ele>904</ele>
      <time>2026-09-10T03:24:42Z</time>
    </trkpt>
    <trkpt lat="49.675022" lon="18.954579">
      <ele>908</ele>
      <time>2026-09-10T03:25:35Z</time>
    </trkpt>
    <trkpt lat="49.674899" lon="18.955023">
      <ele>909</ele>
      <time>2026-09-10T03:26:32Z</time>
    </trkpt>
    <trkpt lat="49.674825" lon="18.955476">
      <ele>908</ele>
      <time>2026-09-10T03:27:27Z</time>
    </trkpt>
    <trkpt lat="49.674832" lon="18.955551">
      <ele>907</ele>
      <time>2026-09-10T03:27:36Z</time>
    </trkpt>
    <trkpt lat="49.674322" lon="18.955961">
      <ele>911</ele>
      <time>2026-09-10T03:28:43Z</time>
    </trkpt>
    <trkpt lat="49.674271" lon="18.95602">
      <ele>912</ele>
      <time>2026-09-10T03:28:51Z</time>
    </trkpt>
    <trkpt lat="49.673758" lon="18.956444">
      <ele>917</ele>
      <time>2026-09-10T03:29:59Z</time>
    </trkpt>
    <trkpt lat="49.673558" lon="18.956526">
      <ele>917</ele>
      <time>2026-09-10T03:30:23Z</time>
    </trkpt>
    <trkpt lat="49.673452" lon="18.956605">
      <ele>916</ele>
      <time>2026-09-10T03:30:37Z</time>
    </trkpt>
    <trkpt lat="49.673322" lon="18.956671">
      <ele>916</ele>
      <time>2026-09-10T03:30:53Z</time>
    </trkpt>
    <trkpt lat="49.672793" lon="18.956942">
      <ele>918</ele>
      <time>2026-09-10T03:31:58Z</time>
    </trkpt>
    <trkpt lat="49.672417" lon="18.957346">
      <ele>921</ele>
      <time>2026-09-10T03:32:51Z</time>
    </trkpt>
    <trkpt lat="49.672258" lon="18.957544">
      <ele>921</ele>
      <time>2026-09-10T03:33:15Z</time>
    </trkpt>
    <trkpt lat="49.67195" lon="18.957923">
      <ele>922</ele>
      <time>2026-09-10T03:34:01Z</time>
    </trkpt>
    <trkpt lat="49.671764" lon="18.957991">
      <ele>924</ele>
      <time>2026-09-10T03:34:23Z</time>
    </trkpt>
    <trkpt lat="49.671659" lon="18.958005">
      <ele>925</ele>
      <time>2026-09-10T03:34:36Z</time>
    </trkpt>
    <trkpt lat="49.671566" lon="18.95798">
      <ele>926</ele>
      <time>2026-09-10T03:34:47Z</time>
    </trkpt>
    <trkpt lat="49.671494" lon="18.958009">
      <ele>927</ele>
      <time>2026-09-10T03:34:55Z</time>
    </trkpt>
    <trkpt lat="49.671393" lon="18.958117">
      <ele>929</ele>
      <time>2026-09-10T03:35:10Z</time>
    </trkpt>
    <trkpt lat="49.671166" lon="18.958389">
      <ele>934</ele>
      <time>2026-09-10T03:35:44Z</time>
    </trkpt>
    <trkpt lat="49.671021" lon="18.958574">
      <ele>936</ele>
      <time>2026-09-10T03:36:06Z</time>
    </trkpt>
    <trkpt lat="49.670844" lon="18.958726">
      <ele>938</ele>
      <time>2026-09-10T03:36:30Z</time>
    </trkpt>
    <trkpt lat="49.670621" lon="18.958832">
      <ele>941</ele>
      <time>2026-09-10T03:36:57Z</time>
    </trkpt>
    <trkpt lat="49.670183" lon="18.959033">
      <ele>942</ele>
      <time>2026-09-10T03:37:50Z</time>
    </trkpt>
    <trkpt lat="49.669676" lon="18.959148">
      <ele>940</ele>
      <time>2026-09-10T03:38:50Z</time>
    </trkpt>
    <trkpt lat="49.668932" lon="18.95937">
      <ele>933</ele>
      <time>2026-09-10T03:40:19Z</time>
    </trkpt>
    <trkpt lat="49.668778" lon="18.959391">
      <ele>931</ele>
      <time>2026-09-10T03:40:37Z</time>
    </trkpt>
    <trkpt lat="49.668536" lon="18.959326">
      <ele>927</ele>
      <time>2026-09-10T03:41:06Z</time>
    </trkpt>
    <trkpt lat="49.66818" lon="18.959287">
      <ele>922</ele>
      <time>2026-09-10T03:41:48Z</time>
    </trkpt>
    <trkpt lat="49.667694" lon="18.959309">
      <ele>921</ele>
      <time>2026-09-10T03:42:45Z</time>
    </trkpt>
    <trkpt lat="49.667234" lon="18.959329">
      <ele>922</ele>
      <time>2026-09-10T03:43:38Z</time>
    </trkpt>
    <trkpt lat="49.666935" lon="18.959361">
      <ele>922</ele>
      <time>2026-09-10T03:44:13Z</time>
    </trkpt>
    <trkpt lat="49.66661" lon="18.959428">
      <ele>925</ele>
      <time>2026-09-10T03:44:52Z</time>
    </trkpt>
    <trkpt lat="49.666199" lon="18.959658">
      <ele>926</ele>
      <time>2026-09-10T03:45:43Z</time>
    </trkpt>
    <trkpt lat="49.665646" lon="18.960001">
      <ele>925</ele>
      <time>2026-09-10T03:46:52Z</time>
    </trkpt>
    <trkpt lat="49.665613" lon="18.960233">
      <ele>925</ele>
      <time>2026-09-10T03:47:10Z</time>
    </trkpt>
    <trkpt lat="49.665415" lon="18.960386">
      <ele>926</ele>
      <time>2026-09-10T03:47:36Z</time>
    </trkpt>
    <trkpt lat="49.665289" lon="18.960373">
      <ele>926</ele>
      <time>2026-09-10T03:48:00Z</time>
    </trkpt>
    <trkpt lat="49.665261" lon="18.960368">
      <ele>926</ele>
      <time>2026-09-10T03:48:06Z</time>
    </trkpt>
    <trkpt lat="49.66502" lon="18.960349">
      <ele>928</ele>
      <time>2026-09-10T03:48:52Z</time>
    </trkpt>
    <trkpt lat="49.664965" lon="18.960348">
      <ele>929</ele>
      <time>2026-09-10T03:49:03Z</time>
    </trkpt>
    <trkpt lat="49.664804" lon="18.960413">
      <ele>934</ele>
      <time>2026-09-10T03:49:36Z</time>
    </trkpt>
    <trkpt lat="49.664761" lon="18.960362">
      <ele>932</ele>
      <time>2026-09-10T03:49:43Z</time>
    </trkpt>
    <trkpt lat="49.664686" lon="18.960362">
      <ele>931</ele>
      <time>2026-09-10T03:49:53Z</time>
    </trkpt>
    <trkpt lat="49.66462" lon="18.960362">
      <ele>931</ele>
      <time>2026-09-10T03:50:01Z</time>
    </trkpt>
    <trkpt lat="49.664351" lon="18.960348">
      <ele>936</ele>
      <time>2026-09-10T03:50:36Z</time>
    </trkpt>
    <trkpt lat="49.664185" lon="18.960339">
      <ele>938</ele>
      <time>2026-09-10T03:50:58Z</time>
    </trkpt>
    <trkpt lat="49.664154" lon="18.960235">
      <ele>936</ele>
      <time>2026-09-10T03:51:07Z</time>
    </trkpt>
    <trkpt lat="49.663832" lon="18.960042">
      <ele>934</ele>
      <time>2026-09-10T03:51:52Z</time>
    </trkpt>
    <trkpt lat="49.663762" lon="18.959936">
      <ele>932</ele>
      <time>2026-09-10T03:52:05Z</time>
    </trkpt>
    <trkpt lat="49.663681" lon="18.959701">
      <ele>929</ele>
      <time>2026-09-10T03:52:27Z</time>
    </trkpt>
    <trkpt lat="49.663542" lon="18.959285">
      <ele>921</ele>
      <time>2026-09-10T03:53:07Z</time>
    </trkpt>
    <trkpt lat="49.663417" lon="18.958936">
      <ele>916</ele>
      <time>2026-09-10T03:53:40Z</time>
    </trkpt>
    <trkpt lat="49.66329" lon="18.958705">
      <ele>914</ele>
      <time>2026-09-10T03:54:06Z</time>
    </trkpt>
    <trkpt lat="49.663111" lon="18.958548">
      <ele>913</ele>
      <time>2026-09-10T03:54:32Z</time>
    </trkpt>
    <trkpt lat="49.662795" lon="18.958293">
      <ele>909</ele>
      <time>2026-09-10T03:55:18Z</time>
    </trkpt>
    <trkpt lat="49.662687" lon="18.958156">
      <ele>904</ele>
      <time>2026-09-10T03:55:37Z</time>
    </trkpt>
    <trkpt lat="49.66267" lon="18.95808">
      <ele>902</ele>
      <time>2026-09-10T03:55:44Z</time>
    </trkpt>
    <trkpt lat="49.662725" lon="18.957831">
      <ele>897</ele>
      <time>2026-09-10T03:56:07Z</time>
    </trkpt>
    <trkpt lat="49.662733" lon="18.957774">
      <ele>896</ele>
      <time>2026-09-10T03:56:12Z</time>
    </trkpt>
    <trkpt lat="49.662727" lon="18.957714">
      <ele>895</ele>
      <time>2026-09-10T03:56:17Z</time>
    </trkpt>
    <trkpt lat="49.662697" lon="18.957632">
      <ele>894</ele>
      <time>2026-09-10T03:56:25Z</time>
    </trkpt>
    <trkpt lat="49.662597" lon="18.957512">
      <ele>891</ele>
      <time>2026-09-10T03:56:41Z</time>
    </trkpt>
    <trkpt lat="49.662473" lon="18.957416">
      <ele>889</ele>
      <time>2026-09-10T03:56:59Z</time>
    </trkpt>
    <trkpt lat="49.662239" lon="18.957104">
      <ele>884</ele>
      <time>2026-09-10T03:57:39Z</time>
    </trkpt>
    <trkpt lat="49.662026" lon="18.956795">
      <ele>878</ele>
      <time>2026-09-10T03:58:18Z</time>
    </trkpt>
    <trkpt lat="49.661868" lon="18.956661">
      <ele>874</ele>
      <time>2026-09-10T03:58:41Z</time>
    </trkpt>
    <trkpt lat="49.661801" lon="18.956494">
      <ele>871</ele>
      <time>2026-09-10T03:58:58Z</time>
    </trkpt>
    <trkpt lat="49.661711" lon="18.956334">
      <ele>868</ele>
      <time>2026-09-10T03:59:16Z</time>
    </trkpt>
    <trkpt lat="49.661638" lon="18.956166">
      <ele>865</ele>
      <time>2026-09-10T03:59:33Z</time>
    </trkpt>
    <trkpt lat="49.661597" lon="18.95607">
      <ele>863</ele>
      <time>2026-09-10T03:59:43Z</time>
    </trkpt>
    <trkpt lat="49.661552" lon="18.955889">
      <ele>859</ele>
      <time>2026-09-10T03:59:59Z</time>
    </trkpt>
    <trkpt lat="49.661554" lon="18.955796">
      <ele>858</ele>
      <time>2026-09-10T04:00:07Z</time>
    </trkpt>
    <trkpt lat="49.661568" lon="18.955695">
      <ele>856</ele>
      <time>2026-09-10T04:00:16Z</time>
    </trkpt>
    <trkpt lat="49.661514" lon="18.955525">
      <ele>853</ele>
      <time>2026-09-10T04:00:32Z</time>
    </trkpt>
    <trkpt lat="49.661462" lon="18.955444">
      <ele>851</ele>
      <time>2026-09-10T04:00:42Z</time>
    </trkpt>
    <trkpt lat="49.661308" lon="18.955283">
      <ele>846</ele>
      <time>2026-09-10T04:01:07Z</time>
    </trkpt>
    <trkpt lat="49.660947" lon="18.954977">
      <ele>830</ele>
      <time>2026-09-10T04:02:02Z</time>
    </trkpt>
    <trkpt lat="49.660831" lon="18.954781">
      <ele>823</ele>
      <time>2026-09-10T04:02:26Z</time>
    </trkpt>
    <trkpt lat="49.66072" lon="18.954383">
      <ele>813</ele>
      <time>2026-09-10T04:03:04Z</time>
    </trkpt>
    <trkpt lat="49.660626" lon="18.95424">
      <ele>809</ele>
      <time>2026-09-10T04:03:21Z</time>
    </trkpt>
    <trkpt lat="49.66054" lon="18.954154">
      <ele>806</ele>
      <time>2026-09-10T04:03:35Z</time>
    </trkpt>
    <trkpt lat="49.660298" lon="18.954049">
      <ele>802</ele>
      <time>2026-09-10T04:04:07Z</time>
    </trkpt>
    <trkpt lat="49.659959" lon="18.953812">
      <ele>796</ele>
      <time>2026-09-10T04:04:56Z</time>
    </trkpt>
    <trkpt lat="49.659748" lon="18.953591">
      <ele>795</ele>
      <time>2026-09-10T04:05:28Z</time>
    </trkpt>
    <trkpt lat="49.659553" lon="18.95339">
      <ele>792</ele>
      <time>2026-09-10T04:05:59Z</time>
    </trkpt>
    <trkpt lat="49.659394" lon="18.953181">
      <ele>788</ele>
      <time>2026-09-10T04:06:26Z</time>
    </trkpt>
    <trkpt lat="49.659095" lon="18.952767">
      <ele>783</ele>
      <time>2026-09-10T04:07:17Z</time>
    </trkpt>
    <trkpt lat="49.658947" lon="18.952596">
      <ele>781</ele>
      <time>2026-09-10T04:07:41Z</time>
    </trkpt>
    <trkpt lat="49.658829" lon="18.9524">
      <ele>781</ele>
      <time>2026-09-10T04:08:03Z</time>
    </trkpt>
    <trkpt lat="49.658742" lon="18.952117">
      <ele>782</ele>
      <time>2026-09-10T04:08:30Z</time>
    </trkpt>
    <trkpt lat="49.658637" lon="18.951759">
      <ele>781</ele>
      <time>2026-09-10T04:09:02Z</time>
    </trkpt>
    <trkpt lat="49.658575" lon="18.951498">
      <ele>779</ele>
      <time>2026-09-10T04:09:25Z</time>
    </trkpt>
    <trkpt lat="49.658454" lon="18.951103">
      <ele>779</ele>
      <time>2026-09-10T04:10:02Z</time>
    </trkpt>
    <trkpt lat="49.658392" lon="18.95084">
      <ele>779</ele>
      <time>2026-09-10T04:10:25Z</time>
    </trkpt>
    <trkpt lat="49.658323" lon="18.950526">
      <ele>780</ele>
      <time>2026-09-10T04:10:52Z</time>
    </trkpt>
    <trkpt lat="49.658236" lon="18.950181">
      <ele>780</ele>
      <time>2026-09-10T04:11:23Z</time>
    </trkpt>
    <trkpt lat="49.658044" lon="18.949097">
      <ele>790</ele>
      <time>2026-09-10T04:12:57Z</time>
    </trkpt>
    <trkpt lat="49.65776" lon="18.947698">
      <ele>790</ele>
      <time>2026-09-10T04:14:59Z</time>
    </trkpt>
    <trkpt lat="49.657562" lon="18.94704">
      <ele>790</ele>
      <time>2026-09-10T04:15:59Z</time>
    </trkpt>
    <trkpt lat="49.657284" lon="18.946337">
      <ele>798</ele>
      <time>2026-09-10T04:17:08Z</time>
    </trkpt>
    <trkpt lat="49.657295" lon="18.94592">
      <ele>803</ele>
      <time>2026-09-10T04:17:43Z</time>
    </trkpt>
    <trkpt lat="49.657274" lon="18.945752">
      <ele>804</ele>
      <time>2026-09-10T04:17:57Z</time>
    </trkpt>
    <trkpt lat="49.657109" lon="18.945235">
      <ele>802</ele>
      <time>2026-09-10T04:18:45Z</time>
    </trkpt>
    <trkpt lat="49.657099" lon="18.94504">
      <ele>803</ele>
      <time>2026-09-10T04:19:02Z</time>
    </trkpt>
    <trkpt lat="49.657137" lon="18.944724">
      <ele>804</ele>
      <time>2026-09-10T04:19:28Z</time>
    </trkpt>
    <trkpt lat="49.657275" lon="18.943887">
      <ele>810</ele>
      <time>2026-09-10T04:20:40Z</time>
    </trkpt>
    <trkpt lat="49.657379" lon="18.943393">
      <ele>811</ele>
      <time>2026-09-10T04:21:23Z</time>
    </trkpt>
    <trkpt lat="49.657846" lon="18.942068">
      <ele>813</ele>
      <time>2026-09-10T04:23:29Z</time>
    </trkpt>
    <trkpt lat="49.657947" lon="18.94173">
      <ele>811</ele>
      <time>2026-09-10T04:24:00Z</time>
    </trkpt>
    <trkpt lat="49.658044" lon="18.941304">
      <ele>809</ele>
      <time>2026-09-10T04:24:37Z</time>
    </trkpt>
    <trkpt lat="49.658092" lon="18.941079">
      <ele>807</ele>
      <time>2026-09-10T04:24:57Z</time>
    </trkpt>
    <trkpt lat="49.658083" lon="18.940798">
      <ele>804</ele>
      <time>2026-09-10T04:25:21Z</time>
    </trkpt>
    <trkpt lat="49.657695" lon="18.939089">
      <ele>784</ele>
      <time>2026-09-10T04:27:53Z</time>
    </trkpt>
    <trkpt lat="49.657555" lon="18.938601">
      <ele>780</ele>
      <time>2026-09-10T04:28:37Z</time>
    </trkpt>
    <trkpt lat="49.657275" lon="18.937955">
      <ele>770</ele>
      <time>2026-09-10T04:29:43Z</time>
    </trkpt>
    <trkpt lat="49.656546" lon="18.93647">
      <ele>759</ele>
      <time>2026-09-10T04:32:18Z</time>
    </trkpt>
    <trkpt lat="49.65576" lon="18.93469">
      <ele>737</ele>
      <time>2026-09-10T04:35:19Z</time>
    </trkpt>
    <trkpt lat="49.655438" lon="18.933935">
      <ele>739</ele>
      <time>2026-09-10T04:36:34Z</time>
    </trkpt>
    <trkpt lat="49.655083" lon="18.933329">
      <ele>745</ele>
      <time>2026-09-10T04:37:42Z</time>
    </trkpt>
    <trkpt lat="49.654468" lon="18.931245">
      <ele>755</ele>
      <time>2026-09-10T04:40:53Z</time>
    </trkpt>
    <trkpt lat="49.654342" lon="18.930806">
      <ele>763</ele>
      <time>2026-09-10T04:41:34Z</time>
    </trkpt>
    <trkpt lat="49.654315" lon="18.930596">
      <ele>774</ele>
      <time>2026-09-10T04:41:56Z</time>
    </trkpt>
    <trkpt lat="49.654297" lon="18.930021">
      <ele>784</ele>
      <time>2026-09-10T04:42:45Z</time>
    </trkpt>
    <trkpt lat="49.654283" lon="18.929916">
      <ele>785</ele>
      <time>2026-09-10T04:42:54Z</time>
    </trkpt>
    <trkpt lat="49.654243" lon="18.92978">
      <ele>787</ele>
      <time>2026-09-10T04:43:06Z</time>
    </trkpt>
    <trkpt lat="49.654" lon="18.929411">
      <ele>793</ele>
      <time>2026-09-10T04:43:51Z</time>
    </trkpt>
    <trkpt lat="49.653865" lon="18.929071">
      <ele>797</ele>
      <time>2026-09-10T04:44:24Z</time>
    </trkpt>
    <trkpt lat="49.653497" lon="18.928522">
      <ele>805</ele>
      <time>2026-09-10T04:45:30Z</time>
    </trkpt>
    <trkpt lat="49.652996" lon="18.927781">
      <ele>813</ele>
      <time>2026-09-10T04:47:00Z</time>
    </trkpt>
    <trkpt lat="49.652513" lon="18.926994">
      <ele>820</ele>
      <time>2026-09-10T04:48:30Z</time>
    </trkpt>
    <trkpt lat="49.65248" lon="18.926765">
      <ele>822</ele>
      <time>2026-09-10T04:48:50Z</time>
    </trkpt>
    <trkpt lat="49.652479" lon="18.926683">
      <ele>823</ele>
      <time>2026-09-10T04:48:57Z</time>
    </trkpt>
    <trkpt lat="49.652475" lon="18.92646">
      <ele>829</ele>
      <time>2026-09-10T04:49:16Z</time>
    </trkpt>
    <trkpt lat="49.652491" lon="18.926244">
      <ele>835</ele>
      <time>2026-09-10T04:49:36Z</time>
    </trkpt>
    <trkpt lat="49.65254" lon="18.926021">
      <ele>833</ele>
      <time>2026-09-10T04:49:54Z</time>
    </trkpt>
    <trkpt lat="49.652662" lon="18.925757">
      <ele>829</ele>
      <time>2026-09-10T04:50:20Z</time>
    </trkpt>
    <trkpt lat="49.652866" lon="18.925461">
      <ele>827</ele>
      <time>2026-09-10T04:50:54Z</time>
    </trkpt>
    <trkpt lat="49.653162" lon="18.924989">
      <ele>829</ele>
      <time>2026-09-10T04:51:45Z</time>
    </trkpt>
    <trkpt lat="49.653422" lon="18.924511">
      <ele>829</ele>
      <time>2026-09-10T04:52:33Z</time>
    </trkpt>
    <trkpt lat="49.653941" lon="18.923874">
      <ele>815</ele>
      <time>2026-09-10T04:53:54Z</time>
    </trkpt>
    <trkpt lat="49.654468" lon="18.923792">
      <ele>804</ele>
      <time>2026-09-10T04:54:59Z</time>
    </trkpt>
    <trkpt lat="49.65476" lon="18.923732">
      <ele>804</ele>
      <time>2026-09-10T04:55:34Z</time>
    </trkpt>
    <trkpt lat="49.654916" lon="18.923693">
      <ele>803</ele>
      <time>2026-09-10T04:55:53Z</time>
    </trkpt>
    <trkpt lat="49.655497" lon="18.92355">
      <ele>802</ele>
      <time>2026-09-10T04:57:04Z</time>
    </trkpt>
    <trkpt lat="49.65653" lon="18.923024">
      <ele>807</ele>
      <time>2026-09-10T04:59:14Z</time>
    </trkpt>
    <trkpt lat="49.656695" lon="18.922916">
      <ele>806</ele>
      <time>2026-09-10T04:59:36Z</time>
    </trkpt>
    <trkpt lat="49.657486" lon="18.922342">
      <ele>807</ele>
      <time>2026-09-10T05:01:11Z</time>
    </trkpt>
    <trkpt lat="49.658063" lon="18.921973">
      <ele>809</ele>
      <time>2026-09-10T05:02:19Z</time>
    </trkpt>
    <trkpt lat="49.65846" lon="18.921714">
      <ele>809</ele>
      <time>2026-09-10T05:03:06Z</time>
    </trkpt>
    <trkpt lat="49.658562" lon="18.92163">
      <ele>809</ele>
      <time>2026-09-10T05:03:19Z</time>
    </trkpt>
    <trkpt lat="49.659036" lon="18.921006">
      <ele>812</ele>
      <time>2026-09-10T05:04:27Z</time>
    </trkpt>
    <trkpt lat="49.659688" lon="18.920057">
      <ele>811</ele>
      <time>2026-09-10T05:06:04Z</time>
    </trkpt>
    <trkpt lat="49.660043" lon="18.919514">
      <ele>806</ele>
      <time>2026-09-10T05:06:59Z</time>
    </trkpt>
    <trkpt lat="49.660224" lon="18.919082">
      <ele>805</ele>
      <time>2026-09-10T05:07:35Z</time>
    </trkpt>
    <trkpt lat="49.660727" lon="18.917978">
      <ele>809</ele>
      <time>2026-09-10T05:09:10Z</time>
    </trkpt>
    <trkpt lat="49.661114" lon="18.917148">
      <ele>813</ele>
      <time>2026-09-10T05:10:23Z</time>
    </trkpt>
    <trkpt lat="49.661199" lon="18.916904">
      <ele>813</ele>
      <time>2026-09-10T05:10:42Z</time>
    </trkpt>
    <trkpt lat="49.661334" lon="18.916197">
      <ele>813</ele>
      <time>2026-09-10T05:11:34Z</time>
    </trkpt>
    <trkpt lat="49.661428" lon="18.915254">
      <ele>805</ele>
      <time>2026-09-10T05:12:42Z</time>
    </trkpt>
    <trkpt lat="49.661518" lon="18.914548">
      <ele>801</ele>
      <time>2026-09-10T05:13:33Z</time>
    </trkpt>
    <trkpt lat="49.661703" lon="18.912934">
      <ele>797</ele>
      <time>2026-09-10T05:15:28Z</time>
    </trkpt>
    <trkpt lat="49.661989" lon="18.911214">
      <ele>795</ele>
      <time>2026-09-10T05:17:33Z</time>
    </trkpt>
    <trkpt lat="49.66221" lon="18.910392">
      <ele>797</ele>
      <time>2026-09-10T05:18:36Z</time>
    </trkpt>
    <trkpt lat="49.662419" lon="18.909934">
      <ele>800</ele>
      <time>2026-09-10T05:19:16Z</time>
    </trkpt>
    <trkpt lat="49.662478" lon="18.90984">
      <ele>801</ele>
      <time>2026-09-10T05:19:25Z</time>
    </trkpt>
    <trkpt lat="49.663192" lon="18.908704">
      <ele>807</ele>
      <time>2026-09-10T05:21:17Z</time>
    </trkpt>
    <trkpt lat="49.663711" lon="18.908032">
      <ele>813</ele>
      <time>2026-09-10T05:22:31Z</time>
    </trkpt>
    <trkpt lat="49.664323" lon="18.907391">
      <ele>809</ele>
      <time>2026-09-10T05:23:51Z</time>
    </trkpt>
    <trkpt lat="49.664321" lon="18.907237">
      <ele>810</ele>
      <time>2026-09-10T05:24:02Z</time>
    </trkpt>
    <trkpt lat="49.664316" lon="18.906769">
      <ele>809</ele>
      <time>2026-09-10T05:24:35Z</time>
    </trkpt>
    <trkpt lat="49.664325" lon="18.906324">
      <ele>805</ele>
      <time>2026-09-10T05:25:07Z</time>
    </trkpt>
    <trkpt lat="49.664327" lon="18.906209">
      <ele>804</ele>
      <time>2026-09-10T05:25:15Z</time>
    </trkpt>
    <trkpt lat="49.6643" lon="18.905493">
      <ele>804</ele>
      <time>2026-09-10T05:26:06Z</time>
    </trkpt>
    <trkpt lat="49.664292" lon="18.904725">
      <ele>803</ele>
      <time>2026-09-10T05:27:00Z</time>
    </trkpt>
    <trkpt lat="49.664229" lon="18.90383">
      <ele>803</ele>
      <time>2026-09-10T05:28:03Z</time>
    </trkpt>
    <trkpt lat="49.664174" lon="18.902521">
      <ele>810</ele>
      <time>2026-09-10T05:29:36Z</time>
    </trkpt>
    <trkpt lat="49.664313" lon="18.902245">
      <ele>803</ele>
      <time>2026-09-10T05:29:54Z</time>
    </trkpt>
    <trkpt lat="49.664674" lon="18.901492">
      <ele>795</ele>
      <time>2026-09-10T05:30:42Z</time>
    </trkpt>
    <trkpt lat="49.664924" lon="18.90124">
      <ele>790</ele>
      <time>2026-09-10T05:31:06Z</time>
    </trkpt>
    <trkpt lat="49.665454" lon="18.900841">
      <ele>777</ele>
      <time>2026-09-10T05:31:53Z</time>
    </trkpt>
    <trkpt lat="49.666047" lon="18.900421">
      <ele>768</ele>
      <time>2026-09-10T05:32:45Z</time>
    </trkpt>
    <trkpt lat="49.666163" lon="18.900373">
      <ele>766</ele>
      <time>2026-09-10T05:32:54Z</time>
    </trkpt>
    <trkpt lat="49.666452" lon="18.900406">
      <ele>762</ele>
      <time>2026-09-10T05:33:17Z</time>
    </trkpt>
    <trkpt lat="49.666672" lon="18.900386">
      <ele>757</ele>
      <time>2026-09-10T05:33:35Z</time>
    </trkpt>
    <trkpt lat="49.66687" lon="18.900409">
      <ele>754</ele>
      <time>2026-09-10T05:33:50Z</time>
    </trkpt>
    <trkpt lat="49.66711" lon="18.900437">
      <ele>753</ele>
      <time>2026-09-10T05:34:09Z</time>
    </trkpt>
    <trkpt lat="49.667451" lon="18.90043">
      <ele>749</ele>
      <time>2026-09-10T05:34:36Z</time>
    </trkpt>
    <trkpt lat="49.667922" lon="18.900299">
      <ele>744</ele>
      <time>2026-09-10T05:35:33Z</time>
    </trkpt>
    <trkpt lat="49.668152" lon="18.900282">
      <ele>740</ele>
      <time>2026-09-10T05:36:01Z</time>
    </trkpt>
    <trkpt lat="49.668552" lon="18.900335">
      <ele>732</ele>
      <time>2026-09-10T05:36:50Z</time>
    </trkpt>
    <trkpt lat="49.669002" lon="18.900312">
      <ele>722</ele>
      <time>2026-09-10T05:37:44Z</time>
    </trkpt>
    <trkpt lat="49.66922" lon="18.900348">
      <ele>719</ele>
      <time>2026-09-10T05:38:11Z</time>
    </trkpt>
    <trkpt lat="49.669557" lon="18.90036">
      <ele>716</ele>
      <time>2026-09-10T05:38:51Z</time>
    </trkpt>
    <trkpt lat="49.6703" lon="18.900367">
      <ele>710</ele>
      <time>2026-09-10T05:40:20Z</time>
    </trkpt>
    <trkpt lat="49.670641" lon="18.900379">
      <ele>708</ele>
      <time>2026-09-10T05:41:01Z</time>
    </trkpt>
    <trkpt lat="49.670853" lon="18.900405">
      <ele>707</ele>
      <time>2026-09-10T05:41:26Z</time>
    </trkpt>
    <trkpt lat="49.671185" lon="18.900386">
      <ele>703</ele>
      <time>2026-09-10T05:42:06Z</time>
    </trkpt>
    <trkpt lat="49.671389" lon="18.900409">
      <ele>701</ele>
      <time>2026-09-10T05:42:30Z</time>
    </trkpt>
    <trkpt lat="49.671482" lon="18.900344">
      <ele>698</ele>
      <time>2026-09-10T05:42:43Z</time>
    </trkpt>
    <trkpt lat="49.671654" lon="18.900115">
      <ele>696</ele>
      <time>2026-09-10T05:43:10Z</time>
    </trkpt>
    <trkpt lat="49.671797" lon="18.899946">
      <ele>698</ele>
      <time>2026-09-10T05:43:32Z</time>
    </trkpt>
    <trkpt lat="49.672007" lon="18.899739">
      <ele>698</ele>
      <time>2026-09-10T05:44:01Z</time>
    </trkpt>
    <trkpt lat="49.672231" lon="18.899433">
      <ele>695</ele>
      <time>2026-09-10T05:44:37Z</time>
    </trkpt>
    <trkpt lat="49.672348" lon="18.899316">
      <ele>692</ele>
      <time>2026-09-10T05:44:54Z</time>
    </trkpt>
    <trkpt lat="49.672427" lon="18.89925">
      <ele>691</ele>
      <time>2026-09-10T05:45:05Z</time>
    </trkpt>
    <trkpt lat="49.672517" lon="18.899201">
      <ele>689</ele>
      <time>2026-09-10T05:45:16Z</time>
    </trkpt>
    <trkpt lat="49.672622" lon="18.899155">
      <ele>687</ele>
      <time>2026-09-10T05:45:30Z</time>
    </trkpt>
    <trkpt lat="49.672723" lon="18.899094">
      <ele>685</ele>
      <time>2026-09-10T05:45:43Z</time>
    </trkpt>
    <trkpt lat="49.672791" lon="18.898991">
      <ele>685</ele>
      <time>2026-09-10T05:45:54Z</time>
    </trkpt>
    <trkpt lat="49.673022" lon="18.898834">
      <ele>681</ele>
      <time>2026-09-10T05:46:24Z</time>
    </trkpt>
    <trkpt lat="49.67328" lon="18.898691">
      <ele>676</ele>
      <time>2026-09-10T05:46:57Z</time>
    </trkpt>
    <trkpt lat="49.673444" lon="18.898614">
      <ele>673</ele>
      <time>2026-09-10T05:47:18Z</time>
    </trkpt>
    <trkpt lat="49.673723" lon="18.898509">
      <ele>671</ele>
      <time>2026-09-10T05:47:52Z</time>
    </trkpt>
    <trkpt lat="49.673819" lon="18.898471">
      <ele>671</ele>
      <time>2026-09-10T05:48:04Z</time>
    </trkpt>
    <trkpt lat="49.674006" lon="18.898451">
      <ele>671</ele>
      <time>2026-09-10T05:48:27Z</time>
    </trkpt>
    <trkpt lat="49.674285" lon="18.898371">
      <ele>671</ele>
      <time>2026-09-10T05:49:00Z</time>
    </trkpt>
    <trkpt lat="49.674449" lon="18.898307">
      <ele>671</ele>
      <time>2026-09-10T05:49:21Z</time>
    </trkpt>
    <trkpt lat="49.674576" lon="18.89827">
      <ele>672</ele>
      <time>2026-09-10T05:49:36Z</time>
    </trkpt>
    <trkpt lat="49.674742" lon="18.89826">
      <ele>673</ele>
      <time>2026-09-10T05:49:59Z</time>
    </trkpt>
    <trkpt lat="49.674911" lon="18.898287">
      <ele>673</ele>
      <time>2026-09-10T05:50:23Z</time>
    </trkpt>
    <trkpt lat="49.675032" lon="18.898355">
      <ele>673</ele>
      <time>2026-09-10T05:50:42Z</time>
    </trkpt>
    <trkpt lat="49.675149" lon="18.898436">
      <ele>671</ele>
      <time>2026-09-10T05:51:00Z</time>
    </trkpt>
    <trkpt lat="49.67543" lon="18.898566">
      <ele>666</ele>
      <time>2026-09-10T05:51:42Z</time>
    </trkpt>
    <trkpt lat="49.67548" lon="18.898601">
      <ele>665</ele>
      <time>2026-09-10T05:51:50Z</time>
    </trkpt>
    <trkpt lat="49.675534" lon="18.89865">
      <ele>664</ele>
      <time>2026-09-10T05:51:59Z</time>
    </trkpt>
    <trkpt lat="49.67563" lon="18.898795">
      <ele>661</ele>
      <time>2026-09-10T05:52:18Z</time>
    </trkpt>
    <trkpt lat="49.67576" lon="18.899032">
      <ele>657</ele>
      <time>2026-09-10T05:52:47Z</time>
    </trkpt>
    <trkpt lat="49.676088" lon="18.899613">
      <ele>649</ele>
      <time>2026-09-10T05:53:58Z</time>
    </trkpt>
    <trkpt lat="49.676241" lon="18.899877">
      <ele>646</ele>
      <time>2026-09-10T05:54:31Z</time>
    </trkpt>
    <trkpt lat="49.676333" lon="18.900018">
      <ele>645</ele>
      <time>2026-09-10T05:54:49Z</time>
    </trkpt>
    <trkpt lat="49.676401" lon="18.900051">
      <ele>645</ele>
      <time>2026-09-10T05:54:59Z</time>
    </trkpt>
    <trkpt lat="49.676461" lon="18.900069">
      <ele>645</ele>
      <time>2026-09-10T05:55:08Z</time>
    </trkpt>
    <trkpt lat="49.676893" lon="18.900166">
      <ele>645</ele>
      <time>2026-09-10T05:56:09Z</time>
    </trkpt>
    <trkpt lat="49.677217" lon="18.900239">
      <ele>642</ele>
      <time>2026-09-10T05:56:56Z</time>
    </trkpt>
    <trkpt lat="49.677323" lon="18.900252">
      <ele>642</ele>
      <time>2026-09-10T05:57:11Z</time>
    </trkpt>
    <trkpt lat="49.677538" lon="18.900203">
      <ele>642</ele>
      <time>2026-09-10T05:57:41Z</time>
    </trkpt>
    <trkpt lat="49.677831" lon="18.900193">
      <ele>641</ele>
      <time>2026-09-10T05:58:23Z</time>
    </trkpt>
    <trkpt lat="49.678013" lon="18.900212">
      <ele>639</ele>
      <time>2026-09-10T05:58:49Z</time>
    </trkpt>
    <trkpt lat="49.67822" lon="18.900304">
      <ele>638</ele>
      <time>2026-09-10T05:59:19Z</time>
    </trkpt>
    <trkpt lat="49.678436" lon="18.900452">
      <ele>638</ele>
      <time>2026-09-10T05:59:53Z</time>
    </trkpt>
    <trkpt lat="49.678777" lon="18.900603">
      <ele>636</ele>
      <time>2026-09-10T06:00:43Z</time>
    </trkpt>
    <trkpt lat="49.679171" lon="18.900768">
      <ele>635</ele>
      <time>2026-09-10T06:01:40Z</time>
    </trkpt>
    <trkpt lat="49.679366" lon="18.900768">
      <ele>638</ele>
      <time>2026-09-10T06:02:08Z</time>
    </trkpt>
    <trkpt lat="49.679757" lon="18.900918">
      <ele>646</ele>
      <time>2026-09-10T06:03:06Z</time>
    </trkpt>
    <trkpt lat="49.679952" lon="18.900934">
      <ele>648</ele>
      <time>2026-09-10T06:03:34Z</time>
    </trkpt>
    <trkpt lat="49.680091" lon="18.900969">
      <ele>649</ele>
      <time>2026-09-10T06:03:54Z</time>
    </trkpt>
    <trkpt lat="49.68028" lon="18.901085">
      <ele>652</ele>
      <time>2026-09-10T06:04:23Z</time>
    </trkpt>
    <trkpt lat="49.680532" lon="18.901206">
      <ele>651</ele>
      <time>2026-09-10T06:05:00Z</time>
    </trkpt>
    <trkpt lat="49.680632" lon="18.901265">
      <ele>652</ele>
      <time>2026-09-10T06:05:15Z</time>
    </trkpt>
    <trkpt lat="49.680731" lon="18.901348">
      <ele>654</ele>
      <time>2026-09-10T06:05:31Z</time>
    </trkpt>
    <trkpt lat="49.680864" lon="18.90152">
      <ele>658</ele>
      <time>2026-09-10T06:05:56Z</time>
    </trkpt>
    <trkpt lat="49.680956" lon="18.901565">
      <ele>659</ele>
      <time>2026-09-10T06:06:10Z</time>
    </trkpt>
    <trkpt lat="49.681352" lon="18.901587">
      <ele>662</ele>
      <time>2026-09-10T06:07:06Z</time>
    </trkpt>
    <trkpt lat="49.682015" lon="18.901577">
      <ele>664</ele>
      <time>2026-09-10T06:08:40Z</time>
    </trkpt>
    <trkpt lat="49.682208" lon="18.901502">
      <ele>663</ele>
      <time>2026-09-10T06:09:08Z</time>
    </trkpt>
    <trkpt lat="49.682381" lon="18.901388">
      <ele>666</ele>
      <time>2026-09-10T06:09:34Z</time>
    </trkpt>
    <trkpt lat="49.682592" lon="18.901225">
      <ele>670</ele>
      <time>2026-09-10T06:10:08Z</time>
    </trkpt>
    <trkpt lat="49.682866" lon="18.901104">
      <ele>673</ele>
      <time>2026-09-10T06:10:49Z</time>
    </trkpt>
    <trkpt lat="49.683067" lon="18.900978">
      <ele>674</ele>
      <time>2026-09-10T06:11:19Z</time>
    </trkpt>
    <trkpt lat="49.68333" lon="18.900906">
      <ele>676</ele>
      <time>2026-09-10T06:11:57Z</time>
    </trkpt>
    <trkpt lat="49.68348" lon="18.900894">
      <ele>679</ele>
      <time>2026-09-10T06:12:19Z</time>
    </trkpt>
    <trkpt lat="49.683616" lon="18.900789">
      <ele>682</ele>
      <time>2026-09-10T06:12:40Z</time>
    </trkpt>
    <trkpt lat="49.683974" lon="18.900609">
      <ele>690</ele>
      <time>2026-09-10T06:13:35Z</time>
    </trkpt>
    <trkpt lat="49.684181" lon="18.900512">
      <ele>694</ele>
      <time>2026-09-10T06:14:06Z</time>
    </trkpt>
    <trkpt lat="49.684409" lon="18.900331">
      <ele>697</ele>
      <time>2026-09-10T06:14:42Z</time>
    </trkpt>
    <trkpt lat="49.684592" lon="18.90012">
      <ele>699</ele>
      <time>2026-09-10T06:15:14Z</time>
    </trkpt>
    <trkpt lat="49.684713" lon="18.900063">
      <ele>701</ele>
      <time>2026-09-10T06:15:32Z</time>
    </trkpt>
    <trkpt lat="49.684875" lon="18.900043">
      <ele>701</ele>
      <time>2026-09-10T06:15:55Z</time>
    </trkpt>
    <trkpt lat="49.684943" lon="18.900014">
      <ele>702</ele>
      <time>2026-09-10T06:16:05Z</time>
    </trkpt>
    <trkpt lat="49.684984" lon="18.899985">
      <ele>702</ele>
      <time>2026-09-10T06:16:12Z</time>
    </trkpt>
    <trkpt lat="49.685092" lon="18.899853">
      <ele>700</ele>
      <time>2026-09-10T06:16:31Z</time>
    </trkpt>
    <trkpt lat="49.685166" lon="18.899699">
      <ele>700</ele>
      <time>2026-09-10T06:16:49Z</time>
    </trkpt>
    <trkpt lat="49.685213" lon="18.899504">
      <ele>700</ele>
      <time>2026-09-10T06:17:08Z</time>
    </trkpt>
    <trkpt lat="49.685281" lon="18.89915">
      <ele>699</ele>
      <time>2026-09-10T06:17:42Z</time>
    </trkpt>
    <trkpt lat="49.685361" lon="18.898836">
      <ele>697</ele>
      <time>2026-09-10T06:18:13Z</time>
    </trkpt>
    <trkpt lat="49.685447" lon="18.898571">
      <ele>694</ele>
      <time>2026-09-10T06:18:40Z</time>
    </trkpt>
    <trkpt lat="49.685603" lon="18.898314">
      <ele>693</ele>
      <time>2026-09-10T06:19:12Z</time>
    </trkpt>
    <trkpt lat="49.685724" lon="18.898066">
      <ele>690</ele>
      <time>2026-09-10T06:19:41Z</time>
    </trkpt>
    <trkpt lat="49.685827" lon="18.89778">
      <ele>690</ele>
      <time>2026-09-10T06:20:11Z</time>
    </trkpt>
    <trkpt lat="49.685883" lon="18.897312">
      <ele>693</ele>
      <time>2026-09-10T06:20:54Z</time>
    </trkpt>
    <trkpt lat="49.686029" lon="18.896786">
      <ele>695</ele>
      <time>2026-09-10T06:21:47Z</time>
    </trkpt>
    <trkpt lat="49.686087" lon="18.896547">
      <ele>696</ele>
      <time>2026-09-10T06:22:10Z</time>
    </trkpt>
    <trkpt lat="49.686214" lon="18.896255">
      <ele>697</ele>
      <time>2026-09-10T06:22:42Z</time>
    </trkpt>
    <trkpt lat="49.686327" lon="18.895949">
      <ele>699</ele>
      <time>2026-09-10T06:23:14Z</time>
    </trkpt>
    <trkpt lat="49.68646" lon="18.895228">
      <ele>700</ele>
      <time>2026-09-10T06:24:23Z</time>
    </trkpt>
    <trkpt lat="49.686523" lon="18.894977">
      <ele>698</ele>
      <time>2026-09-10T06:24:48Z</time>
    </trkpt>
    <trkpt lat="49.686601" lon="18.894697">
      <ele>697</ele>
      <time>2026-09-10T06:25:16Z</time>
    </trkpt>
    <trkpt lat="49.686641" lon="18.894416">
      <ele>695</ele>
      <time>2026-09-10T06:25:42Z</time>
    </trkpt>
    <trkpt lat="49.686722" lon="18.894148">
      <ele>692</ele>
      <time>2026-09-10T06:26:09Z</time>
    </trkpt>
    <trkpt lat="49.686872" lon="18.893844">
      <ele>690</ele>
      <time>2026-09-10T06:26:44Z</time>
    </trkpt>
    <trkpt lat="49.686987" lon="18.893534">
      <ele>690</ele>
      <time>2026-09-10T06:27:17Z</time>
    </trkpt>
    <trkpt lat="49.687141" lon="18.893137">
      <ele>690</ele>
      <time>2026-09-10T06:27:59Z</time>
    </trkpt>
    <trkpt lat="49.687252" lon="18.892851">
      <ele>691</ele>
      <time>2026-09-10T06:28:30Z</time>
    </trkpt>
    <trkpt lat="49.6874" lon="18.892559">
      <ele>692</ele>
      <time>2026-09-10T06:29:04Z</time>
    </trkpt>
    <trkpt lat="49.687603" lon="18.892288">
      <ele>691</ele>
      <time>2026-09-10T06:29:42Z</time>
    </trkpt>
    <trkpt lat="49.687844" lon="18.892086">
      <ele>688</ele>
      <time>2026-09-10T06:30:21Z</time>
    </trkpt>
    <trkpt lat="49.688054" lon="18.891887">
      <ele>686</ele>
      <time>2026-09-10T06:30:55Z</time>
    </trkpt>
    <trkpt lat="49.688366" lon="18.891598">
      <ele>681</ele>
      <time>2026-09-10T06:31:47Z</time>
    </trkpt>
    <trkpt lat="49.688582" lon="18.89137">
      <ele>678</ele>
      <time>2026-09-10T06:32:24Z</time>
    </trkpt>
    <trkpt lat="49.688791" lon="18.891048">
      <ele>681</ele>
      <time>2026-09-10T06:33:06Z</time>
    </trkpt>
    <trkpt lat="49.688927" lon="18.890792">
      <ele>683</ele>
      <time>2026-09-10T06:33:36Z</time>
    </trkpt>
    <trkpt lat="49.689075" lon="18.89056">
      <ele>685</ele>
      <time>2026-09-10T06:34:06Z</time>
    </trkpt>
    <trkpt lat="49.68927" lon="18.89041">
      <ele>689</ele>
      <time>2026-09-10T06:34:38Z</time>
    </trkpt>
    <trkpt lat="49.68939" lon="18.890256">
      <ele>693</ele>
      <time>2026-09-10T06:35:00Z</time>
    </trkpt>
    <trkpt lat="49.689562" lon="18.889907">
      <ele>700</ele>
      <time>2026-09-10T06:35:41Z</time>
    </trkpt>
    <trkpt lat="49.689686" lon="18.889732">
      <ele>704</ele>
      <time>2026-09-10T06:36:05Z</time>
    </trkpt>
    <trkpt lat="49.689805" lon="18.889666">
      <ele>707</ele>
      <time>2026-09-10T06:36:24Z</time>
    </trkpt>
    <trkpt lat="49.689998" lon="18.889663">
      <ele>711</ele>
      <time>2026-09-10T06:36:51Z</time>
    </trkpt>
    <trkpt lat="49.69022" lon="18.889606">
      <ele>716</ele>
      <time>2026-09-10T06:37:24Z</time>
    </trkpt>
    <trkpt lat="49.690473" lon="18.889467">
      <ele>721</ele>
      <time>2026-09-10T06:38:02Z</time>
    </trkpt>
    <trkpt lat="49.690652" lon="18.88932">
      <ele>725</ele>
      <time>2026-09-10T06:38:31Z</time>
    </trkpt>
    <trkpt lat="49.690738" lon="18.88932">
      <ele>726</ele>
      <time>2026-09-10T06:38:44Z</time>
    </trkpt>
    <trkpt lat="49.690888" lon="18.889272">
      <ele>730</ele>
      <time>2026-09-10T06:39:06Z</time>
    </trkpt>
    <trkpt lat="49.691047" lon="18.889151">
      <ele>734</ele>
      <time>2026-09-10T06:39:32Z</time>
    </trkpt>
    <trkpt lat="49.691145" lon="18.888962">
      <ele>737</ele>
      <time>2026-09-10T06:39:54Z</time>
    </trkpt>
    <trkpt lat="49.691279" lon="18.888727">
      <ele>740</ele>
      <time>2026-09-10T06:40:23Z</time>
    </trkpt>
    <trkpt lat="49.691402" lon="18.8886">
      <ele>742</ele>
      <time>2026-09-10T06:40:44Z</time>
    </trkpt>
    <trkpt lat="49.691565" lon="18.888525">
      <ele>745</ele>
      <time>2026-09-10T06:41:08Z</time>
    </trkpt>
    <trkpt lat="49.69183" lon="18.888522">
      <ele>749</ele>
      <time>2026-09-10T06:41:46Z</time>
    </trkpt>
    <trkpt lat="49.69205" lon="18.888567">
      <ele>753</ele>
      <time>2026-09-10T06:42:18Z</time>
    </trkpt>
    <trkpt lat="49.692533" lon="18.888638">
      <ele>760</ele>
      <time>2026-09-10T06:43:27Z</time>
    </trkpt>
    <trkpt lat="49.692739" lon="18.888737">
      <ele>763</ele>
      <time>2026-09-10T06:43:57Z</time>
    </trkpt>
    <trkpt lat="49.692975" lon="18.888781">
      <ele>766</ele>
      <time>2026-09-10T06:44:31Z</time>
    </trkpt>
    <trkpt lat="49.693314" lon="18.888828">
      <ele>772</ele>
      <time>2026-09-10T06:45:20Z</time>
    </trkpt>
    <trkpt lat="49.693419" lon="18.888837">
      <ele>774</ele>
      <time>2026-09-10T06:45:35Z</time>
    </trkpt>
    <trkpt lat="49.69362" lon="18.888856">
      <ele>777</ele>
      <time>2026-09-10T06:46:04Z</time>
    </trkpt>
    <trkpt lat="49.69391" lon="18.888931">
      <ele>781</ele>
      <time>2026-09-10T06:46:46Z</time>
    </trkpt>
    <trkpt lat="49.693952" lon="18.888948">
      <ele>782</ele>
      <time>2026-09-10T06:46:52Z</time>
    </trkpt>
    <trkpt lat="49.694058" lon="18.888992">
      <ele>783</ele>
      <time>2026-09-10T06:47:07Z</time>
    </trkpt>
    <trkpt lat="49.694352" lon="18.889008">
      <ele>789</ele>
      <time>2026-09-10T06:47:50Z</time>
    </trkpt>
    <trkpt lat="49.694603" lon="18.888943">
      <ele>793</ele>
      <time>2026-09-10T06:48:26Z</time>
    </trkpt>
    <trkpt lat="49.6948" lon="18.88887">
      <ele>795</ele>
      <time>2026-09-10T06:48:55Z</time>
    </trkpt>
    <trkpt lat="49.695014" lon="18.88859">
      <ele>797</ele>
      <time>2026-09-10T06:49:34Z</time>
    </trkpt>
    <trkpt lat="49.695229" lon="18.888315">
      <ele>797</ele>
      <time>2026-09-10T06:50:14Z</time>
    </trkpt>
    <trkpt lat="49.695573" lon="18.887793">
      <ele>797</ele>
      <time>2026-09-10T06:51:22Z</time>
    </trkpt>
    <trkpt lat="49.695826" lon="18.887454">
      <ele>800</ele>
      <time>2026-09-10T06:52:09Z</time>
    </trkpt>
    <trkpt lat="49.695926" lon="18.887344">
      <ele>800</ele>
      <time>2026-09-10T06:52:27Z</time>
    </trkpt>
    <trkpt lat="49.696126" lon="18.886988">
      <ele>802</ele>
      <time>2026-09-10T06:53:10Z</time>
    </trkpt>
    <trkpt lat="49.696348" lon="18.886689">
      <ele>806</ele>
      <time>2026-09-10T06:53:52Z</time>
    </trkpt>
    <trkpt lat="49.696544" lon="18.886316">
      <ele>811</ele>
      <time>2026-09-10T06:54:36Z</time>
    </trkpt>
    <trkpt lat="49.696737" lon="18.885869">
      <ele>815</ele>
      <time>2026-09-10T06:55:10Z</time>
    </trkpt>
    <trkpt lat="49.696892" lon="18.88543">
      <ele>816</ele>
      <time>2026-09-10T06:55:41Z</time>
    </trkpt>
    <trkpt lat="49.697142" lon="18.884917">
      <ele>817</ele>
      <time>2026-09-10T06:56:21Z</time>
    </trkpt>
    <trkpt lat="49.697228" lon="18.884664">
      <ele>818</ele>
      <time>2026-09-10T06:56:39Z</time>
    </trkpt>
    <trkpt lat="49.697282" lon="18.884382">
      <ele>817</ele>
      <time>2026-09-10T06:56:57Z</time>
    </trkpt>
    <trkpt lat="49.697278" lon="18.883436">
      <ele>816</ele>
      <time>2026-09-10T06:57:56Z</time>
    </trkpt>
    <trkpt lat="49.697309" lon="18.883049">
      <ele>817</ele>
      <time>2026-09-10T06:58:20Z</time>
    </trkpt>
    <trkpt lat="49.697325" lon="18.882845">
      <ele>818</ele>
      <time>2026-09-10T06:58:33Z</time>
    </trkpt>
    <trkpt lat="49.69729" lon="18.882523">
      <ele>818</ele>
      <time>2026-09-10T06:58:53Z</time>
    </trkpt>
    <trkpt lat="49.697228" lon="18.882207">
      <ele>815</ele>
      <time>2026-09-10T06:59:14Z</time>
    </trkpt>
    <trkpt lat="49.697213" lon="18.881942">
      <ele>815</ele>
      <time>2026-09-10T06:59:31Z</time>
    </trkpt>
    <trkpt lat="49.697188" lon="18.881618">
      <ele>816</ele>
      <time>2026-09-10T06:59:51Z</time>
    </trkpt>
    <trkpt lat="49.697149" lon="18.881163">
      <ele>817</ele>
      <time>2026-09-10T07:00:20Z</time>
    </trkpt>
    <trkpt lat="49.69713" lon="18.880818">
      <ele>818</ele>
      <time>2026-09-10T07:00:41Z</time>
    </trkpt>
    <trkpt lat="49.697101" lon="18.880616">
      <ele>818</ele>
      <time>2026-09-10T07:00:54Z</time>
    </trkpt>
    <trkpt lat="49.696919" lon="18.880045">
      <ele>819</ele>
      <time>2026-09-10T07:01:34Z</time>
    </trkpt>
    <trkpt lat="49.696855" lon="18.879723">
      <ele>818</ele>
      <time>2026-09-10T07:01:55Z</time>
    </trkpt>
    <trkpt lat="49.696692" lon="18.878655">
      <ele>813</ele>
      <time>2026-09-10T07:03:03Z</time>
    </trkpt>
    <trkpt lat="49.696662" lon="18.878277">
      <ele>811</ele>
      <time>2026-09-10T07:03:27Z</time>
    </trkpt>
    <trkpt lat="49.696662" lon="18.878228">
      <ele>811</ele>
      <time>2026-09-10T07:03:30Z</time>
    </trkpt>
    <trkpt lat="49.696664" lon="18.877948">
      <ele>809</ele>
      <time>2026-09-10T07:03:48Z</time>
    </trkpt>
    <trkpt lat="49.696705" lon="18.877565">
      <ele>807</ele>
      <time>2026-09-10T07:04:12Z</time>
    </trkpt>
    <trkpt lat="49.696748" lon="18.877342">
      <ele>806</ele>
      <time>2026-09-10T07:04:26Z</time>
    </trkpt>
    <trkpt lat="49.69684" lon="18.877056">
      <ele>804</ele>
      <time>2026-09-10T07:04:46Z</time>
    </trkpt>
    <trkpt lat="49.697037" lon="18.876454">
      <ele>801</ele>
      <time>2026-09-10T07:05:28Z</time>
    </trkpt>
    <trkpt lat="49.697148" lon="18.876067">
      <ele>796</ele>
      <time>2026-09-10T07:05:55Z</time>
    </trkpt>
    <trkpt lat="49.697176" lon="18.875727">
      <ele>792</ele>
      <time>2026-09-10T07:06:17Z</time>
    </trkpt>
    <trkpt lat="49.697178" lon="18.875484">
      <ele>789</ele>
      <time>2026-09-10T07:06:32Z</time>
    </trkpt>
    <trkpt lat="49.697179" lon="18.875381">
      <ele>787</ele>
      <time>2026-09-10T07:06:39Z</time>
    </trkpt>
    <trkpt lat="49.697186" lon="18.875137">
      <ele>783</ele>
      <time>2026-09-10T07:06:54Z</time>
    </trkpt>
    <trkpt lat="49.697226" lon="18.874883">
      <ele>779</ele>
      <time>2026-09-10T07:07:11Z</time>
    </trkpt>
    <trkpt lat="49.697262" lon="18.87445">
      <ele>773</ele>
      <time>2026-09-10T07:07:39Z</time>
    </trkpt>
    <trkpt lat="49.697274" lon="18.87371">
      <ele>767</ele>
      <time>2026-09-10T07:08:25Z</time>
    </trkpt>
    <trkpt lat="49.697315" lon="18.873194">
      <ele>762</ele>
      <time>2026-09-10T07:08:58Z</time>
    </trkpt>
    <trkpt lat="49.697294" lon="18.872583">
      <ele>767</ele>
      <time>2026-09-10T07:09:36Z</time>
    </trkpt>
    <trkpt lat="49.697408" lon="18.872562">
      <ele>763</ele>
      <time>2026-09-10T07:09:49Z</time>
    </trkpt>
    <trkpt lat="49.697668" lon="18.872546">
      <ele>756</ele>
      <time>2026-09-10T07:10:18Z</time>
    </trkpt>
    <trkpt lat="49.69788" lon="18.872513">
      <ele>752</ele>
      <time>2026-09-10T07:10:42Z</time>
    </trkpt>
    <trkpt lat="49.698122" lon="18.872453">
      <ele>747</ele>
      <time>2026-09-10T07:11:09Z</time>
    </trkpt>
    <trkpt lat="49.698145" lon="18.872422">
      <ele>746</ele>
      <time>2026-09-10T07:11:12Z</time>
    </trkpt>
    <trkpt lat="49.698236" lon="18.87247">
      <ele>744</ele>
      <time>2026-09-10T07:11:23Z</time>
    </trkpt>
    <trkpt lat="49.698338" lon="18.872495">
      <ele>742</ele>
      <time>2026-09-10T07:11:34Z</time>
    </trkpt>
    <trkpt lat="49.698478" lon="18.872471">
      <ele>741</ele>
      <time>2026-09-10T07:11:49Z</time>
    </trkpt>
    <trkpt lat="49.698721" lon="18.872336">
      <ele>739</ele>
      <time>2026-09-10T07:12:17Z</time>
    </trkpt>
    <trkpt lat="49.698932" lon="18.872101">
      <ele>737</ele>
      <time>2026-09-10T07:12:46Z</time>
    </trkpt>
    <trkpt lat="49.699089" lon="18.871814">
      <ele>731</ele>
      <time>2026-09-10T07:13:13Z</time>
    </trkpt>
    <trkpt lat="49.699299" lon="18.871412">
      <ele>719</ele>
      <time>2026-09-10T07:13:50Z</time>
    </trkpt>
    <trkpt lat="49.699314" lon="18.871312">
      <ele>718</ele>
      <time>2026-09-10T07:13:58Z</time>
    </trkpt>
    <trkpt lat="49.699363" lon="18.871164">
      <ele>714</ele>
      <time>2026-09-10T07:14:10Z</time>
    </trkpt>
    <trkpt lat="49.699419" lon="18.871014">
      <ele>710</ele>
      <time>2026-09-10T07:14:23Z</time>
    </trkpt>
    <trkpt lat="49.699462" lon="18.870944">
      <ele>708</ele>
      <time>2026-09-10T07:14:30Z</time>
    </trkpt>
    <trkpt lat="49.699508" lon="18.870903">
      <ele>706</ele>
      <time>2026-09-10T07:14:36Z</time>
    </trkpt>
    <trkpt lat="49.69964" lon="18.870887">
      <ele>703</ele>
      <time>2026-09-10T07:14:56Z</time>
    </trkpt>
    <trkpt lat="49.699722" lon="18.870863">
      <ele>700</ele>
      <time>2026-09-10T07:15:09Z</time>
    </trkpt>
    <trkpt lat="49.699811" lon="18.870845">
      <ele>698</ele>
      <time>2026-09-10T07:15:23Z</time>
    </trkpt>
    <trkpt lat="49.700017" lon="18.870745">
      <ele>691</ele>
      <time>2026-09-10T07:15:56Z</time>
    </trkpt>
    <trkpt lat="49.700216" lon="18.870682">
      <ele>686</ele>
      <time>2026-09-10T07:16:27Z</time>
    </trkpt>
    <trkpt lat="49.700341" lon="18.870614">
      <ele>682</ele>
      <time>2026-09-10T07:16:47Z</time>
    </trkpt>
    <trkpt lat="49.700627" lon="18.87019">
      <ele>670</ele>
      <time>2026-09-10T07:17:49Z</time>
    </trkpt>
    <trkpt lat="49.700746" lon="18.870067">
      <ele>669</ele>
      <time>2026-09-10T07:18:10Z</time>
    </trkpt>
    <trkpt lat="49.700843" lon="18.869966">
      <ele>669</ele>
      <time>2026-09-10T07:18:27Z</time>
    </trkpt>
    <trkpt lat="49.700983" lon="18.869908">
      <ele>670</ele>
      <time>2026-09-10T07:18:49Z</time>
    </trkpt>
    <trkpt lat="49.701096" lon="18.869834">
      <ele>671</ele>
      <time>2026-09-10T07:19:07Z</time>
    </trkpt>
    <trkpt lat="49.701193" lon="18.869733">
      <ele>672</ele>
      <time>2026-09-10T07:19:25Z</time>
    </trkpt>
    <trkpt lat="49.701388" lon="18.869646">
      <ele>676</ele>
      <time>2026-09-10T07:19:55Z</time>
    </trkpt>
    <trkpt lat="49.701825" lon="18.869538">
      <ele>685</ele>
      <time>2026-09-10T07:21:02Z</time>
    </trkpt>
    <trkpt lat="49.70213" lon="18.869381">
      <ele>693</ele>
      <time>2026-09-10T07:21:51Z</time>
    </trkpt>
    <trkpt lat="49.702245" lon="18.869354">
      <ele>696</ele>
      <time>2026-09-10T07:22:09Z</time>
    </trkpt>
    <trkpt lat="49.702351" lon="18.869355">
      <ele>696</ele>
      <time>2026-09-10T07:22:25Z</time>
    </trkpt>
    <trkpt lat="49.702617" lon="18.869431">
      <ele>697</ele>
      <time>2026-09-10T07:23:05Z</time>
    </trkpt>
    <trkpt lat="49.702993" lon="18.869663">
      <ele>699</ele>
      <time>2026-09-10T07:24:05Z</time>
    </trkpt>
    <trkpt lat="49.703238" lon="18.869841">
      <ele>701</ele>
      <time>2026-09-10T07:24:46Z</time>
    </trkpt>
    <trkpt lat="49.703565" lon="18.869935">
      <ele>702</ele>
      <time>2026-09-10T07:25:35Z</time>
    </trkpt>
    <trkpt lat="49.703652" lon="18.869936">
      <ele>702</ele>
      <time>2026-09-10T07:25:48Z</time>
    </trkpt>
    <trkpt lat="49.703904" lon="18.869865">
      <ele>699</ele>
      <time>2026-09-10T07:26:27Z</time>
    </trkpt>
    <trkpt lat="49.70443" lon="18.869984">
      <ele>701</ele>
      <time>2026-09-10T07:27:46Z</time>
    </trkpt>
    <trkpt lat="49.704635" lon="18.869957">
      <ele>699</ele>
      <time>2026-09-10T07:28:16Z</time>
    </trkpt>
    <trkpt lat="49.704732" lon="18.869911">
      <ele>697</ele>
      <time>2026-09-10T07:28:32Z</time>
    </trkpt>
    <trkpt lat="49.704935" lon="18.869971">
      <ele>702</ele>
      <time>2026-09-10T07:29:03Z</time>
    </trkpt>
    <trkpt lat="49.705027" lon="18.870025">
      <ele>704</ele>
      <time>2026-09-10T07:29:18Z</time>
    </trkpt>
    <trkpt lat="49.705094" lon="18.870066">
      <ele>707</ele>
      <time>2026-09-10T07:29:29Z</time>
    </trkpt>
    <trkpt lat="49.705177" lon="18.870106">
      <ele>710</ele>
      <time>2026-09-10T07:29:43Z</time>
    </trkpt>
    <trkpt lat="49.705258" lon="18.870144">
      <ele>712</ele>
      <time>2026-09-10T07:29:56Z</time>
    </trkpt>
    <trkpt lat="49.705382" lon="18.870244">
      <ele>714</ele>
      <time>2026-09-10T07:30:17Z</time>
    </trkpt>
    <trkpt lat="49.705631" lon="18.870382">
      <ele>716</ele>
      <time>2026-09-10T07:30:56Z</time>
    </trkpt>
    <trkpt lat="49.705887" lon="18.870492">
      <ele>721</ele>
      <time>2026-09-10T07:31:37Z</time>
    </trkpt>
    <trkpt lat="49.70634" lon="18.87074">
      <ele>733</ele>
      <time>2026-09-10T07:32:50Z</time>
    </trkpt>
    <trkpt lat="49.707405" lon="18.871352">
      <ele>745</ele>
      <time>2026-09-10T07:35:39Z</time>
    </trkpt>
    <trkpt lat="49.707816" lon="18.871502">
      <ele>749</ele>
      <time>2026-09-10T07:36:43Z</time>
    </trkpt>
    <trkpt lat="49.708209" lon="18.871594">
      <ele>751</ele>
      <time>2026-09-10T07:37:42Z</time>
    </trkpt>
    <trkpt lat="49.708609" lon="18.871763">
      <ele>750</ele>
      <time>2026-09-10T07:38:43Z</time>
    </trkpt>
    <trkpt lat="49.708704" lon="18.871831">
      <ele>751</ele>
      <time>2026-09-10T07:38:59Z</time>
    </trkpt>
    <trkpt lat="49.708956" lon="18.872091">
      <ele>754</ele>
      <time>2026-09-10T07:39:44Z</time>
    </trkpt>
    <trkpt lat="49.709171" lon="18.872261">
      <ele>758</ele>
      <time>2026-09-10T07:40:21Z</time>
    </trkpt>
    <trkpt lat="49.709403" lon="18.872366">
      <ele>763</ele>
      <time>2026-09-10T07:40:57Z</time>
    </trkpt>
    <trkpt lat="49.709652" lon="18.872427">
      <ele>768</ele>
      <time>2026-09-10T07:41:35Z</time>
    </trkpt>
    <trkpt lat="49.709755" lon="18.872464">
      <ele>770</ele>
      <time>2026-09-10T07:41:51Z</time>
    </trkpt>
    <trkpt lat="49.709929" lon="18.872457">
      <ele>774</ele>
      <time>2026-09-10T07:42:18Z</time>
    </trkpt>
    <trkpt lat="49.710075" lon="18.872387">
      <ele>778</ele>
      <time>2026-09-10T07:42:41Z</time>
    </trkpt>
    <trkpt lat="49.710207" lon="18.872255">
      <ele>781</ele>
      <time>2026-09-10T07:43:05Z</time>
    </trkpt>
    <trkpt lat="49.710319" lon="18.872103">
      <ele>783</ele>
      <time>2026-09-10T07:43:27Z</time>
    </trkpt>
    <trkpt lat="49.710432" lon="18.871773">
      <ele>785</ele>
      <time>2026-09-10T07:44:03Z</time>
    </trkpt>
    <trkpt lat="49.710606" lon="18.871478">
      <ele>787</ele>
      <time>2026-09-10T07:44:42Z</time>
    </trkpt>
    <trkpt lat="49.710766" lon="18.871297">
      <ele>788</ele>
      <time>2026-09-10T07:45:11Z</time>
    </trkpt>
    <trkpt lat="49.7109" lon="18.871239">
      <ele>789</ele>
      <time>2026-09-10T07:45:32Z</time>
    </trkpt>
    <trkpt lat="49.711077" lon="18.871248">
      <ele>791</ele>
      <time>2026-09-10T07:45:59Z</time>
    </trkpt>
    <trkpt lat="49.71125" lon="18.871368">
      <ele>793</ele>
      <time>2026-09-10T07:46:27Z</time>
    </trkpt>
    <trkpt lat="49.711497" lon="18.871402">
      <ele>795</ele>
      <time>2026-09-10T07:47:04Z</time>
    </trkpt>
    <trkpt lat="49.711741" lon="18.871335">
      <ele>797</ele>
      <time>2026-09-10T07:47:41Z</time>
    </trkpt>
    <trkpt lat="49.71188" lon="18.87126">
      <ele>799</ele>
      <time>2026-09-10T07:48:03Z</time>
    </trkpt>
    <trkpt lat="49.712265" lon="18.871173">
      <ele>802</ele>
      <time>2026-09-10T07:49:01Z</time>
    </trkpt>
    <trkpt lat="49.712488" lon="18.871157">
      <ele>800</ele>
      <time>2026-09-10T07:49:34Z</time>
    </trkpt>
    <trkpt lat="49.71282" lon="18.871362">
      <ele>806</ele>
      <time>2026-09-10T07:50:28Z</time>
    </trkpt>
    <trkpt lat="49.712949" lon="18.871444">
      <ele>807</ele>
      <time>2026-09-10T07:50:49Z</time>
    </trkpt>
    <trkpt lat="49.713184" lon="18.871686">
      <ele>809</ele>
      <time>2026-09-10T07:51:31Z</time>
    </trkpt>
    <trkpt lat="49.713447" lon="18.871839">
      <ele>812</ele>
      <time>2026-09-10T07:52:13Z</time>
    </trkpt>
    <trkpt lat="49.713693" lon="18.872083">
      <ele>816</ele>
      <time>2026-09-10T07:52:57Z</time>
    </trkpt>
    <trkpt lat="49.713796" lon="18.872212">
      <ele>819</ele>
      <time>2026-09-10T07:53:17Z</time>
    </trkpt>
    <trkpt lat="49.713894" lon="18.872288">
      <ele>820</ele>
      <time>2026-09-10T07:53:33Z</time>
    </trkpt>
    <trkpt lat="49.714214" lon="18.872386">
      <ele>821</ele>
      <time>2026-09-10T07:54:22Z</time>
    </trkpt>
    <trkpt lat="49.714583" lon="18.872459">
      <ele>825</ele>
      <time>2026-09-10T07:55:17Z</time>
    </trkpt>
    <trkpt lat="49.714701" lon="18.872505">
      <ele>828</ele>
      <time>2026-09-10T07:55:36Z</time>
    </trkpt>
    <trkpt lat="49.714879" lon="18.87263">
      <ele>829</ele>
      <time>2026-09-10T07:56:05Z</time>
    </trkpt>
    <trkpt lat="49.714978" lon="18.872676">
      <ele>830</ele>
      <time>2026-09-10T07:56:20Z</time>
    </trkpt>
    <trkpt lat="49.715227" lon="18.872657">
      <ele>832</ele>
      <time>2026-09-10T07:56:58Z</time>
    </trkpt>
    <trkpt lat="49.715452" lon="18.872718">
      <ele>833</ele>
      <time>2026-09-10T07:57:32Z</time>
    </trkpt>
    <trkpt lat="49.715539" lon="18.872697">
      <ele>834</ele>
      <time>2026-09-10T07:57:45Z</time>
    </trkpt>
    <trkpt lat="49.715603" lon="18.872654">
      <ele>833</ele>
      <time>2026-09-10T07:57:55Z</time>
    </trkpt>
    <trkpt lat="49.715861" lon="18.872334">
      <ele>831</ele>
      <time>2026-09-10T07:58:44Z</time>
    </trkpt>
    <trkpt lat="49.716021" lon="18.871995">
      <ele>829</ele>
      <time>2026-09-10T07:59:25Z</time>
    </trkpt>
    <trkpt lat="49.716222" lon="18.871751">
      <ele>828</ele>
      <time>2026-09-10T08:00:03Z</time>
    </trkpt>
    <trkpt lat="49.716611" lon="18.871342">
      <ele>828</ele>
      <time>2026-09-10T08:01:13Z</time>
    </trkpt>
    <trkpt lat="49.716963" lon="18.870887">
      <ele>828</ele>
      <time>2026-09-10T08:02:21Z</time>
    </trkpt>
    <trkpt lat="49.717094" lon="18.870641">
      <ele>828</ele>
      <time>2026-09-10T08:02:52Z</time>
    </trkpt>
    <trkpt lat="49.717279" lon="18.870387">
      <ele>828</ele>
      <time>2026-09-10T08:03:29Z</time>
    </trkpt>
    <trkpt lat="49.717483" lon="18.870191">
      <ele>828</ele>
      <time>2026-09-10T08:04:04Z</time>
    </trkpt>
    <trkpt lat="49.717682" lon="18.870077">
      <ele>828</ele>
      <time>2026-09-10T08:04:36Z</time>
    </trkpt>
    <trkpt lat="49.717851" lon="18.869787">
      <ele>829</ele>
      <time>2026-09-10T08:05:04Z</time>
    </trkpt>
    <trkpt lat="49.718139" lon="18.869287">
      <ele>830</ele>
      <time>2026-09-10T08:05:52Z</time>
    </trkpt>
    <trkpt lat="49.718372" lon="18.868887">
      <ele>829</ele>
      <time>2026-09-10T08:06:30Z</time>
    </trkpt>
    <trkpt lat="49.718517" lon="18.868662">
      <ele>829</ele>
      <time>2026-09-10T08:06:53Z</time>
    </trkpt>
    <trkpt lat="49.718608" lon="18.868507">
      <ele>829</ele>
      <time>2026-09-10T08:07:07Z</time>
    </trkpt>
    <trkpt lat="49.718718" lon="18.868357">
      <ele>829</ele>
      <time>2026-09-10T08:07:24Z</time>
    </trkpt>
    <trkpt lat="49.718852" lon="18.868158">
      <ele>829</ele>
      <time>2026-09-10T08:07:44Z</time>
    </trkpt>
    <trkpt lat="49.718986" lon="18.867989">
      <ele>829</ele>
      <time>2026-09-10T08:08:03Z</time>
    </trkpt>
    <trkpt lat="49.71909" lon="18.867834">
      <ele>830</ele>
      <time>2026-09-10T08:08:19Z</time>
    </trkpt>
    <trkpt lat="49.719291" lon="18.867368">
      <ele>830</ele>
      <time>2026-09-10T08:08:59Z</time>
    </trkpt>
    <trkpt lat="49.719383" lon="18.867082">
      <ele>832</ele>
      <time>2026-09-10T08:09:22Z</time>
    </trkpt>
    <trkpt lat="49.719447" lon="18.866891">
      <ele>835</ele>
      <time>2026-09-10T08:09:37Z</time>
    </trkpt>
    <trkpt lat="49.719614" lon="18.86663">
      <ele>838</ele>
      <time>2026-09-10T08:10:04Z</time>
    </trkpt>
    <trkpt lat="49.719777" lon="18.866355">
      <ele>839</ele>
      <time>2026-09-10T08:10:30Z</time>
    </trkpt>
    <trkpt lat="49.719917" lon="18.866124">
      <ele>840</ele>
      <time>2026-09-10T08:10:53Z</time>
    </trkpt>
    <trkpt lat="49.720113" lon="18.86586">
      <ele>841</ele>
      <time>2026-09-10T08:11:21Z</time>
    </trkpt>
    <trkpt lat="49.720381" lon="18.865412">
      <ele>844</ele>
      <time>2026-09-10T08:12:05Z</time>
    </trkpt>
    <trkpt lat="49.720422" lon="18.865258">
      <ele>845</ele>
      <time>2026-09-10T08:12:17Z</time>
    </trkpt>
    <trkpt lat="49.720467" lon="18.865107">
      <ele>845</ele>
      <time>2026-09-10T08:12:29Z</time>
    </trkpt>
    <trkpt lat="49.720569" lon="18.864873">
      <ele>845</ele>
      <time>2026-09-10T08:12:49Z</time>
    </trkpt>
    <trkpt lat="49.720704" lon="18.864685">
      <ele>844</ele>
      <time>2026-09-10T08:13:09Z</time>
    </trkpt>
    <trkpt lat="49.720868" lon="18.864422">
      <ele>844</ele>
      <time>2026-09-10T08:13:35Z</time>
    </trkpt>
    <trkpt lat="49.720977" lon="18.864072">
      <ele>846</ele>
      <time>2026-09-10T08:14:03Z</time>
    </trkpt>
    <trkpt lat="49.721086" lon="18.863635">
      <ele>848</ele>
      <time>2026-09-10T08:14:36Z</time>
    </trkpt>
    <trkpt lat="49.721167" lon="18.86359">
      <ele>848</ele>
      <time>2026-09-10T08:14:49Z</time>
    </trkpt>
    <trkpt lat="49.721579" lon="18.862962">
      <ele>850</ele>
      <time>2026-09-10T08:16:16Z</time>
    </trkpt>
    <trkpt lat="49.7219" lon="18.862563">
      <ele>849</ele>
      <time>2026-09-10T08:17:17Z</time>
    </trkpt>
    <trkpt lat="49.721972" lon="18.862412">
      <ele>848</ele>
      <time>2026-09-10T08:17:35Z</time>
    </trkpt>
    <trkpt lat="49.722687" lon="18.861415">
      <ele>858</ele>
      <time>2026-09-10T08:20:00Z</time>
    </trkpt>
    <trkpt lat="49.723147" lon="18.860915">
      <ele>866</ele>
      <time>2026-09-10T08:21:25Z</time>
    </trkpt>
    <trkpt lat="49.723778" lon="18.859403">
      <ele>877</ele>
      <time>2026-09-10T08:24:20Z</time>
    </trkpt>
    <trkpt lat="49.724064" lon="18.85822">
      <ele>880</ele>
      <time>2026-09-10T08:26:22Z</time>
    </trkpt>
    <trkpt lat="49.724103" lon="18.858042">
      <ele>883</ele>
      <time>2026-09-10T08:26:41Z</time>
    </trkpt>
    <trkpt lat="49.724235" lon="18.857436">
      <ele>888</ele>
      <time>2026-09-10T08:27:43Z</time>
    </trkpt>
    <trkpt lat="49.724399" lon="18.856898">
      <ele>888</ele>
      <time>2026-09-10T08:28:40Z</time>
    </trkpt>
    <trkpt lat="49.724695" lon="18.856556">
      <ele>884</ele>
      <time>2026-09-10T08:29:36Z</time>
    </trkpt>
    <trkpt lat="49.724914" lon="18.856482">
      <ele>882</ele>
      <time>2026-09-10T08:29:58Z</time>
    </trkpt>
    <trkpt lat="49.725129" lon="18.856407">
      <ele>879</ele>
      <time>2026-09-10T08:30:20Z</time>
    </trkpt>
    <trkpt lat="49.725357" lon="18.85635">
      <ele>876</ele>
      <time>2026-09-10T08:30:43Z</time>
    </trkpt>
    <trkpt lat="49.725504" lon="18.856238">
      <ele>874</ele>
      <time>2026-09-10T08:30:59Z</time>
    </trkpt>
    <trkpt lat="49.725738" lon="18.856047">
      <ele>867</ele>
      <time>2026-09-10T08:31:26Z</time>
    </trkpt>
    <trkpt lat="49.725877" lon="18.855988">
      <ele>864</ele>
      <time>2026-09-10T08:31:40Z</time>
    </trkpt>
    <trkpt lat="49.726097" lon="18.855835">
      <ele>858</ele>
      <time>2026-09-10T08:32:04Z</time>
    </trkpt>
    <trkpt lat="49.726367" lon="18.855642">
      <ele>853</ele>
      <time>2026-09-10T08:32:34Z</time>
    </trkpt>
    <trkpt lat="49.726594" lon="18.855462">
      <ele>848</ele>
      <time>2026-09-10T08:32:59Z</time>
    </trkpt>
    <trkpt lat="49.727063" lon="18.85516">
      <ele>843</ele>
      <time>2026-09-10T08:33:49Z</time>
    </trkpt>
    <trkpt lat="49.727234" lon="18.855017">
      <ele>841</ele>
      <time>2026-09-10T08:34:08Z</time>
    </trkpt>
    <trkpt lat="49.727529" lon="18.854771">
      <ele>834</ele>
      <time>2026-09-10T08:34:42Z</time>
    </trkpt>
    <trkpt lat="49.727821" lon="18.854703">
      <ele>833</ele>
      <time>2026-09-10T08:35:11Z</time>
    </trkpt>
    <trkpt lat="49.728004" lon="18.854631">
      <ele>830</ele>
      <time>2026-09-10T08:35:30Z</time>
    </trkpt>
    <trkpt lat="49.728157" lon="18.854575">
      <ele>826</ele>
      <time>2026-09-10T08:35:45Z</time>
    </trkpt>
    <trkpt lat="49.728276" lon="18.854556">
      <ele>824</ele>
      <time>2026-09-10T08:35:57Z</time>
    </trkpt>
    <trkpt lat="49.728448" lon="18.854511">
      <ele>821</ele>
      <time>2026-09-10T08:36:15Z</time>
    </trkpt>
    <trkpt lat="49.728624" lon="18.854427">
      <ele>818</ele>
      <time>2026-09-10T08:36:33Z</time>
    </trkpt>
    <trkpt lat="49.728913" lon="18.854336">
      <ele>811</ele>
      <time>2026-09-10T08:37:03Z</time>
    </trkpt>
    <trkpt lat="49.7291" lon="18.854312">
      <ele>808</ele>
      <time>2026-09-10T08:37:21Z</time>
    </trkpt>
    <trkpt lat="49.729168" lon="18.854293">
      <ele>807</ele>
      <time>2026-09-10T08:37:28Z</time>
    </trkpt>
    <trkpt lat="49.729287" lon="18.854175">
      <ele>805</ele>
      <time>2026-09-10T08:37:42Z</time>
    </trkpt>
    <trkpt lat="49.729395" lon="18.85399">
      <ele>803</ele>
      <time>2026-09-10T08:37:58Z</time>
    </trkpt>
    <trkpt lat="49.729485" lon="18.853797">
      <ele>800</ele>
      <time>2026-09-10T08:38:13Z</time>
    </trkpt>
    <trkpt lat="49.729634" lon="18.853586">
      <ele>795</ele>
      <time>2026-09-10T08:38:34Z</time>
    </trkpt>
    <trkpt lat="49.729769" lon="18.853384">
      <ele>791</ele>
      <time>2026-09-10T08:38:52Z</time>
    </trkpt>
    <trkpt lat="49.729899" lon="18.853183">
      <ele>787</ele>
      <time>2026-09-10T08:39:11Z</time>
    </trkpt>
    <trkpt lat="49.730029" lon="18.852958">
      <ele>783</ele>
      <time>2026-09-10T08:39:30Z</time>
    </trkpt>
    <trkpt lat="49.730461" lon="18.852091">
      <ele>762</ele>
      <time>2026-09-10T08:40:42Z</time>
    </trkpt>
    <trkpt lat="49.730574" lon="18.851783">
      <ele>759</ele>
      <time>2026-09-10T08:41:05Z</time>
    </trkpt>
    <trkpt lat="49.730742" lon="18.851399">
      <ele>753</ele>
      <time>2026-09-10T08:41:35Z</time>
    </trkpt>
    <trkpt lat="49.731099" lon="18.85057">
      <ele>741</ele>
      <time>2026-09-10T08:42:39Z</time>
    </trkpt>
    <trkpt lat="49.731394" lon="18.850061">
      <ele>732</ele>
      <time>2026-09-10T08:43:23Z</time>
    </trkpt>
    <trkpt lat="49.731493" lon="18.849784">
      <ele>726</ele>
      <time>2026-09-10T08:43:44Z</time>
    </trkpt>
    <trkpt lat="49.731638" lon="18.849489">
      <ele>718</ele>
      <time>2026-09-10T08:44:08Z</time>
    </trkpt>
    <trkpt lat="49.731751" lon="18.84928">
      <ele>713</ele>
      <time>2026-09-10T08:44:26Z</time>
    </trkpt>
    <trkpt lat="49.731903" lon="18.848948">
      <ele>710</ele>
      <time>2026-09-10T08:44:52Z</time>
    </trkpt>
    <trkpt lat="49.732042" lon="18.848631">
      <ele>710</ele>
      <time>2026-09-10T08:45:16Z</time>
    </trkpt>
    <trkpt lat="49.73216" lon="18.848309">
      <ele>711</ele>
      <time>2026-09-10T08:45:40Z</time>
    </trkpt>
    <trkpt lat="49.73233" lon="18.847781">
      <ele>712</ele>
      <time>2026-09-10T08:46:17Z</time>
    </trkpt>
    <trkpt lat="49.732434" lon="18.847553">
      <ele>709</ele>
      <time>2026-09-10T08:46:35Z</time>
    </trkpt>
    <trkpt lat="49.732521" lon="18.847419">
      <ele>707</ele>
      <time>2026-09-10T08:46:47Z</time>
    </trkpt>
    <trkpt lat="49.732642" lon="18.847303">
      <ele>706</ele>
      <time>2026-09-10T08:47:01Z</time>
    </trkpt>
    <trkpt lat="49.73289" lon="18.847014">
      <ele>706</ele>
      <time>2026-09-10T08:47:32Z</time>
    </trkpt>
    <trkpt lat="49.73306" lon="18.846735">
      <ele>708</ele>
      <time>2026-09-10T08:47:56Z</time>
    </trkpt>
    <trkpt lat="49.733148" lon="18.846416">
      <ele>708</ele>
      <time>2026-09-10T08:48:18Z</time>
    </trkpt>
    <trkpt lat="49.733275" lon="18.846204">
      <ele>709</ele>
      <time>2026-09-10T08:48:37Z</time>
    </trkpt>
    <trkpt lat="49.73346" lon="18.845951">
      <ele>708</ele>
      <time>2026-09-10T08:49:01Z</time>
    </trkpt>
    <trkpt lat="49.733668" lon="18.845671">
      <ele>704</ele>
      <time>2026-09-10T08:49:28Z</time>
    </trkpt>
    <trkpt lat="49.733857" lon="18.845477">
      <ele>702</ele>
      <time>2026-09-10T08:49:51Z</time>
    </trkpt>
    <trkpt lat="49.73412" lon="18.845201">
      <ele>702</ele>
      <time>2026-09-10T08:50:22Z</time>
    </trkpt>
    <trkpt lat="49.734211" lon="18.845117">
      <ele>703</ele>
      <time>2026-09-10T08:50:32Z</time>
    </trkpt>
    <trkpt lat="49.734301" lon="18.845085">
      <ele>703</ele>
      <time>2026-09-10T08:50:41Z</time>
    </trkpt>
    <trkpt lat="49.734435" lon="18.845154">
      <ele>700</ele>
      <time>2026-09-10T08:50:55Z</time>
    </trkpt>
    <trkpt lat="49.735001" lon="18.845439">
      <ele>696</ele>
      <time>2026-09-10T08:51:54Z</time>
    </trkpt>
    <trkpt lat="49.735173" lon="18.845481">
      <ele>695</ele>
      <time>2026-09-10T08:52:11Z</time>
    </trkpt>
    <trkpt lat="49.735662" lon="18.845439">
      <ele>698</ele>
      <time>2026-09-10T08:52:59Z</time>
    </trkpt>
    <trkpt lat="49.73587" lon="18.845394">
      <ele>694</ele>
      <time>2026-09-10T08:53:20Z</time>
    </trkpt>
    <trkpt lat="49.736199" lon="18.845375">
      <ele>687</ele>
      <time>2026-09-10T08:53:53Z</time>
    </trkpt>
    <trkpt lat="49.736484" lon="18.845383">
      <ele>684</ele>
      <time>2026-09-10T08:54:21Z</time>
    </trkpt>
    <trkpt lat="49.737" lon="18.845407">
      <ele>680</ele>
      <time>2026-09-10T08:55:12Z</time>
    </trkpt>
    <trkpt lat="49.737245" lon="18.845461">
      <ele>680</ele>
      <time>2026-09-10T08:55:36Z</time>
    </trkpt>
    <trkpt lat="49.737406" lon="18.845514">
      <ele>680</ele>
      <time>2026-09-10T08:55:52Z</time>
    </trkpt>
    <trkpt lat="49.737572" lon="18.845546">
      <ele>679</ele>
      <time>2026-09-10T08:56:09Z</time>
    </trkpt>
    <trkpt lat="49.737803" lon="18.845611">
      <ele>679</ele>
      <time>2026-09-10T08:56:32Z</time>
    </trkpt>
    <trkpt lat="49.738004" lon="18.845686">
      <ele>678</ele>
      <time>2026-09-10T08:56:52Z</time>
    </trkpt>
    <trkpt lat="49.738213" lon="18.845794">
      <ele>675</ele>
      <time>2026-09-10T08:57:14Z</time>
    </trkpt>
    <trkpt lat="49.738371" lon="18.845844">
      <ele>673</ele>
      <time>2026-09-10T08:57:30Z</time>
    </trkpt>
    <trkpt lat="49.738605" lon="18.845946">
      <ele>668</ele>
      <time>2026-09-10T08:57:54Z</time>
    </trkpt>
    <trkpt lat="49.73873" lon="18.845994">
      <ele>666</ele>
      <time>2026-09-10T08:58:07Z</time>
    </trkpt>
    <trkpt lat="49.738947" lon="18.846147">
      <ele>660</ele>
      <time>2026-09-10T08:58:31Z</time>
    </trkpt>
    <trkpt lat="49.739042" lon="18.846263">
      <ele>656</ele>
      <time>2026-09-10T08:58:43Z</time>
    </trkpt>
    <trkpt lat="49.739134" lon="18.846434">
      <ele>652</ele>
      <time>2026-09-10T08:58:58Z</time>
    </trkpt>
    <trkpt lat="49.739417" lon="18.847416">
      <ele>648</ele>
      <time>2026-09-10T09:00:06Z</time>
    </trkpt>
    <trkpt lat="49.739555" lon="18.847867">
      <ele>646</ele>
      <time>2026-09-10T09:00:38Z</time>
    </trkpt>
    <trkpt lat="49.739685" lon="18.848245">
      <ele>643</ele>
      <time>2026-09-10T09:01:05Z</time>
    </trkpt>
    <trkpt lat="49.739769" lon="18.848674">
      <ele>639</ele>
      <time>2026-09-10T09:01:34Z</time>
    </trkpt>
    <trkpt lat="49.740028" lon="18.849524">
      <ele>635</ele>
      <time>2026-09-10T09:02:34Z</time>
    </trkpt>
    <trkpt lat="49.740176" lon="18.849913">
      <ele>631</ele>
      <time>2026-09-10T09:03:02Z</time>
    </trkpt>
    <trkpt lat="49.740314" lon="18.850359">
      <ele>623</ele>
      <time>2026-09-10T09:03:35Z</time>
    </trkpt>
    <trkpt lat="49.74053" lon="18.850796">
      <ele>618</ele>
      <time>2026-09-10T09:04:10Z</time>
    </trkpt>
    <trkpt lat="49.740578" lon="18.850828">
      <ele>618</ele>
      <time>2026-09-10T09:04:15Z</time>
    </trkpt>
    <trkpt lat="49.740716" lon="18.850914">
      <ele>618</ele>
      <time>2026-09-10T09:04:29Z</time>
    </trkpt>
    <trkpt lat="49.741641" lon="18.850932">
      <ele>613</ele>
      <time>2026-09-10T09:06:00Z</time>
    </trkpt>
    <trkpt lat="49.742062" lon="18.850881">
      <ele>606</ele>
      <time>2026-09-10T09:06:42Z</time>
    </trkpt>
    <trkpt lat="49.742474" lon="18.850793">
      <ele>599</ele>
      <time>2026-09-10T09:07:24Z</time>
    </trkpt>
    <trkpt lat="49.742818" lon="18.850686">
      <ele>593</ele>
      <time>2026-09-10T09:07:59Z</time>
    </trkpt>
    <trkpt lat="49.743013" lon="18.85056">
      <ele>587</ele>
      <time>2026-09-10T09:08:20Z</time>
    </trkpt>
    <trkpt lat="49.743275" lon="18.850281">
      <ele>571</ele>
      <time>2026-09-10T09:08:54Z</time>
    </trkpt>
    <trkpt lat="49.743586" lon="18.849969">
      <ele>554</ele>
      <time>2026-09-10T09:09:33Z</time>
    </trkpt>
    <trkpt lat="49.743696" lon="18.849852">
      <ele>552</ele>
      <time>2026-09-10T09:09:47Z</time>
    </trkpt>
    <trkpt lat="49.743793" lon="18.84975">
      <ele>550</ele>
      <time>2026-09-10T09:09:58Z</time>
    </trkpt>
    <trkpt lat="49.743871" lon="18.849674">
      <ele>549</ele>
      <time>2026-09-10T09:10:08Z</time>
    </trkpt>
    <trkpt lat="49.744157" lon="18.849245">
      <ele>545</ele>
      <time>2026-09-10T09:10:47Z</time>
    </trkpt>
    <trkpt lat="49.744237" lon="18.849024">
      <ele>543</ele>
      <time>2026-09-10T09:11:03Z</time>
    </trkpt>
    <trkpt lat="49.744474" lon="18.848761">
      <ele>535</ele>
      <time>2026-09-10T09:11:33Z</time>
    </trkpt>
    <trkpt lat="49.744658" lon="18.848537">
      <ele>528</ele>
      <time>2026-09-10T09:11:56Z</time>
    </trkpt>
    <trkpt lat="49.744897" lon="18.84826">
      <ele>519</ele>
      <time>2026-09-10T09:12:27Z</time>
    </trkpt>
    <trkpt lat="49.745124" lon="18.84803">
      <ele>511</ele>
      <time>2026-09-10T09:12:54Z</time>
    </trkpt>
    <trkpt lat="49.745267" lon="18.847796">
      <ele>505</ele>
      <time>2026-09-10T09:13:15Z</time>
    </trkpt>
    <trkpt lat="49.745371" lon="18.847676">
      <ele>500</ele>
      <time>2026-09-10T09:13:29Z</time>
    </trkpt>
    <trkpt lat="49.745468" lon="18.847621">
      <ele>497</ele>
      <time>2026-09-10T09:13:39Z</time>
    </trkpt>
    <trkpt lat="49.745553" lon="18.847486">
      <ele>493</ele>
      <time>2026-09-10T09:13:52Z</time>
    </trkpt>
    <trkpt lat="49.745628" lon="18.84725">
      <ele>491</ele>
      <time>2026-09-10T09:14:09Z</time>
    </trkpt>
    <trkpt lat="49.745654" lon="18.847382">
      <ele>490</ele>
      <time>2026-09-10T09:14:17Z</time>
    </trkpt>
    <trkpt lat="49.745702" lon="18.847515">
      <ele>490</ele>
      <time>2026-09-10T09:14:27Z</time>
    </trkpt>
    <trkpt lat="49.745731" lon="18.847648">
      <ele>490</ele>
      <time>2026-09-10T09:14:36Z</time>
    </trkpt>
    <trkpt lat="49.74579" lon="18.847631">
      <ele>489</ele>
      <time>2026-09-10T09:14:42Z</time>
    </trkpt>
    <trkpt lat="49.745856" lon="18.847555">
      <ele>487</ele>
      <time>2026-09-10T09:14:50Z</time>
    </trkpt>
    <trkpt lat="49.746015" lon="18.847305">
      <ele>479</ele>
      <time>2026-09-10T09:15:13Z</time>
    </trkpt>
    <trkpt lat="49.746142" lon="18.847078">
      <ele>475</ele>
      <time>2026-09-10T09:15:33Z</time>
    </trkpt>
    <trkpt lat="49.746242" lon="18.846872">
      <ele>473</ele>
      <time>2026-09-10T09:15:49Z</time>
    </trkpt>
    <trkpt lat="49.746294" lon="18.846787">
      <ele>472</ele>
      <time>2026-09-10T09:15:56Z</time>
    </trkpt>
    <trkpt lat="49.746377" lon="18.846722">
      <ele>471</ele>
      <time>2026-09-10T09:16:05Z</time>
    </trkpt>
    <trkpt lat="49.746482" lon="18.846672">
      <ele>468</ele>
      <time>2026-09-10T09:16:16Z</time>
    </trkpt>
    <trkpt lat="49.746549" lon="18.846603">
      <ele>466</ele>
      <time>2026-09-10T09:16:24Z</time>
    </trkpt>
    <trkpt lat="49.746715" lon="18.846531">
      <ele>462</ele>
      <time>2026-09-10T09:16:42Z</time>
    </trkpt>
    <trkpt lat="49.74702" lon="18.846491">
      <ele>453</ele>
      <time>2026-09-10T09:17:13Z</time>
    </trkpt>
    <trkpt lat="49.747279" lon="18.846394">
      <ele>446</ele>
      <time>2026-09-10T09:17:39Z</time>
    </trkpt>
    <trkpt lat="49.747514" lon="18.846268">
      <ele>442</ele>
      <time>2026-09-10T09:18:04Z</time>
    </trkpt>
    <trkpt lat="49.7477" lon="18.846146">
      <ele>440</ele>
      <time>2026-09-10T09:18:24Z</time>
    </trkpt>
    <trkpt lat="49.74799" lon="18.846023">
      <ele>436</ele>
      <time>2026-09-10T09:18:53Z</time>
    </trkpt>
    <trkpt lat="49.74807" lon="18.845969">
      <ele>434</ele>
      <time>2026-09-10T09:19:02Z</time>
    </trkpt>
    <trkpt lat="49.748172" lon="18.845866">
      <ele>432</ele>
      <time>2026-09-10T09:19:14Z</time>
    </trkpt>
    <trkpt lat="49.748296" lon="18.845709">
      <ele>429</ele>
      <time>2026-09-10T09:19:30Z</time>
    </trkpt>
    <trkpt lat="49.748427" lon="18.845564">
      <ele>428</ele>
      <time>2026-09-10T09:19:45Z</time>
    </trkpt>
    <trkpt lat="49.748701" lon="18.845285">
      <ele>425</ele>
      <time>2026-09-10T09:20:17Z</time>
    </trkpt>
    <trkpt lat="49.748874" lon="18.845129">
      <ele>424</ele>
      <time>2026-09-10T09:20:37Z</time>
    </trkpt>
    <trkpt lat="49.748982" lon="18.845077">
      <ele>422</ele>
      <time>2026-09-10T09:20:48Z</time>
    </trkpt>
    <trkpt lat="49.749164" lon="18.845035">
      <ele>420</ele>
      <time>2026-09-10T09:21:06Z</time>
    </trkpt>
    <trkpt lat="49.749297" lon="18.845012">
      <ele>417</ele>
      <time>2026-09-10T09:21:19Z</time>
    </trkpt>
    <trkpt lat="49.749424" lon="18.845002">
      <ele>414</ele>
      <time>2026-09-10T09:21:32Z</time>
    </trkpt>
    <trkpt lat="49.749539" lon="18.844953">
      <ele>412</ele>
      <time>2026-09-10T09:21:44Z</time>
    </trkpt>
    <trkpt lat="49.749732" lon="18.844749">
      <ele>410</ele>
      <time>2026-09-10T09:22:07Z</time>
    </trkpt>
    <trkpt lat="49.749817" lon="18.84469">
      <ele>408</ele>
      <time>2026-09-10T09:22:16Z</time>
    </trkpt>
    <trkpt lat="49.749882" lon="18.844654">
      <ele>407</ele>
      <time>2026-09-10T09:22:23Z</time>
    </trkpt>
    <trkpt lat="49.749958" lon="18.844612">
      <ele>405</ele>
      <time>2026-09-10T09:22:31Z</time>
    </trkpt>
    <trkpt lat="49.750058" lon="18.844535">
      <ele>404</ele>
      <time>2026-09-10T09:22:42Z</time>
    </trkpt>
    <trkpt lat="49.750117" lon="18.844484">
      <ele>403</ele>
      <time>2026-09-10T09:22:48Z</time>
    </trkpt>
    <trkpt lat="49.750238" lon="18.844255">
      <ele>401</ele>
      <time>2026-09-10T09:23:07Z</time>
    </trkpt>
    <trkpt lat="49.750375" lon="18.843983">
      <ele>400</ele>
      <time>2026-09-10T09:23:29Z</time>
    </trkpt>
    <trkpt lat="49.750482" lon="18.843663">
      <ele>402</ele>
      <time>2026-09-10T09:23:51Z</time>
    </trkpt>
    <trkpt lat="49.75051" lon="18.843511">
      <ele>402</ele>
      <time>2026-09-10T09:24:01Z</time>
    </trkpt>
    <trkpt lat="49.75053" lon="18.843408">
      <ele>403</ele>
      <time>2026-09-10T09:24:08Z</time>
    </trkpt>
    <trkpt lat="49.750542" lon="18.843297">
      <ele>403</ele>
      <time>2026-09-10T09:24:15Z</time>
    </trkpt>
    <trkpt lat="49.750577" lon="18.842907">
      <ele>403</ele>
      <time>2026-09-10T09:24:40Z</time>
    </trkpt>
    <trkpt lat="49.750582" lon="18.842603">
      <ele>403</ele>
      <time>2026-09-10T09:24:59Z</time>
    </trkpt>
    <trkpt lat="49.750595" lon="18.842257">
      <ele>403</ele>
      <time>2026-09-10T09:25:21Z</time>
    </trkpt>
    <trkpt lat="49.750628" lon="18.841663">
      <ele>403</ele>
      <time>2026-09-10T09:25:59Z</time>
    </trkpt>
    <trkpt lat="49.75073" lon="18.841052">
      <ele>402</ele>
      <time>2026-09-10T09:26:39Z</time>
    </trkpt>
    <trkpt lat="49.750835" lon="18.840422">
      <ele>400</ele>
      <time>2026-09-10T09:27:20Z</time>
    </trkpt>
    <trkpt lat="49.750999" lon="18.839596">
      <ele>396</ele>
      <time>2026-09-10T09:28:14Z</time>
    </trkpt>
    <trkpt lat="49.751083" lon="18.839142">
      <ele>395</ele>
      <time>2026-09-10T09:28:44Z</time>
    </trkpt>
    <trkpt lat="49.751167" lon="18.838393">
      <ele>396</ele>
      <time>2026-09-10T09:29:32Z</time>
    </trkpt>
    <trkpt lat="49.751232" lon="18.837763">
      <ele>393</ele>
      <time>2026-09-10T09:30:12Z</time>
    </trkpt>
    <trkpt lat="49.751277" lon="18.837207">
      <ele>391</ele>
      <time>2026-09-10T09:30:47Z</time>
    </trkpt>
    <trkpt lat="49.751269" lon="18.836959">
      <ele>390</ele>
      <time>2026-09-10T09:31:03Z</time>
    </trkpt>
    <trkpt lat="49.751234" lon="18.836672">
      <ele>388</ele>
      <time>2026-09-10T09:31:22Z</time>
    </trkpt>
    <trkpt lat="49.75119" lon="18.836428">
      <ele>388</ele>
      <time>2026-09-10T09:31:37Z</time>
    </trkpt>
    <trkpt lat="49.751157" lon="18.836241">
      <ele>389</ele>
      <time>2026-09-10T09:31:50Z</time>
    </trkpt>
    <trkpt lat="49.751299" lon="18.836296">
      <ele>387</ele>
      <time>2026-09-10T09:32:04Z</time>
    </trkpt>
    <trkpt lat="49.752341" lon="18.836995">
      <ele>380</ele>
      <time>2026-09-10T09:33:55Z</time>
    </trkpt>
    <trkpt lat="49.752564" lon="18.837181">
      <ele>378</ele>
      <time>2026-09-10T09:34:20Z</time>
    </trkpt>
    <trkpt lat="49.752666" lon="18.837264">
      <ele>378</ele>
      <time>2026-09-10T09:34:31Z</time>
    </trkpt>
    <trkpt lat="49.75272" lon="18.837416">
      <ele>378</ele>
      <time>2026-09-10T09:34:42Z</time>
    </trkpt>
    <trkpt lat="49.753054" lon="18.838456">
      <ele>378</ele>
      <time>2026-09-10T09:35:55Z</time>
    </trkpt>
    <trkpt lat="49.753194" lon="18.838811">
      <ele>380</ele>
      <time>2026-09-10T09:36:21Z</time>
    </trkpt>
    <trkpt lat="49.753348" lon="18.839085">
      <ele>381</ele>
      <time>2026-09-10T09:36:44Z</time>
    </trkpt>
    <trkpt lat="49.75344" lon="18.839199">
      <ele>380</ele>
      <time>2026-09-10T09:36:56Z</time>
    </trkpt>
    <trkpt lat="49.753523" lon="18.839344">
      <ele>380</ele>
      <time>2026-09-10T09:37:08Z</time>
    </trkpt>
    <trkpt lat="49.75366" lon="18.839692">
      <ele>379</ele>
      <time>2026-09-10T09:37:34Z</time>
    </trkpt>
    <trkpt lat="49.753735" lon="18.839927">
      <ele>378</ele>
      <time>2026-09-10T09:37:50Z</time>
    </trkpt>
    <trkpt lat="49.753847" lon="18.840174">
      <ele>378</ele>
      <time>2026-09-10T09:38:09Z</time>
    </trkpt>
    <trkpt lat="49.754286" lon="18.840913">
      <ele>379</ele>
      <time>2026-09-10T09:39:12Z</time>
    </trkpt>
    <trkpt lat="49.754667" lon="18.841521">
      <ele>378</ele>
      <time>2026-09-10T09:40:06Z</time>
    </trkpt>
    <trkpt lat="49.754784" lon="18.841689">
      <ele>377</ele>
      <time>2026-09-10T09:40:21Z</time>
    </trkpt>
    <trkpt lat="49.754903" lon="18.841862">
      <ele>376</ele>
      <time>2026-09-10T09:40:37Z</time>
    </trkpt>
    <trkpt lat="49.755154" lon="18.842312">
      <ele>375</ele>
      <time>2026-09-10T09:41:15Z</time>
    </trkpt>
    <trkpt lat="49.755785" lon="18.843613">
      <ele>371</ele>
      <time>2026-09-10T09:42:57Z</time>
    </trkpt>
    <trkpt lat="49.755913" lon="18.843838">
      <ele>370</ele>
      <time>2026-09-10T09:43:16Z</time>
    </trkpt>
    <trkpt lat="49.755989" lon="18.843852">
      <ele>369</ele>
      <time>2026-09-10T09:43:24Z</time>
    </trkpt>
    <trkpt lat="49.756057" lon="18.843834">
      <ele>369</ele>
      <time>2026-09-10T09:43:30Z</time>
    </trkpt>
    <trkpt lat="49.756127" lon="18.843764">
      <ele>368</ele>
      <time>2026-09-10T09:43:39Z</time>
    </trkpt>
    <trkpt lat="49.756431" lon="18.843303">
      <ele>368</ele>
      <time>2026-09-10T09:44:20Z</time>
    </trkpt>
    <trkpt lat="49.756484" lon="18.843248">
      <ele>367</ele>
      <time>2026-09-10T09:44:26Z</time>
    </trkpt>
    <trkpt lat="49.75658" lon="18.843212">
      <ele>367</ele>
      <time>2026-09-10T09:44:36Z</time>
    </trkpt>
    <trkpt lat="49.75667" lon="18.84332">
      <ele>367</ele>
      <time>2026-09-10T09:44:48Z</time>
    </trkpt>
    <trkpt lat="49.756802" lon="18.843538">
      <ele>367</ele>
      <time>2026-09-10T09:45:08Z</time>
    </trkpt>
    <trkpt lat="49.75712" lon="18.843986">
      <ele>365</ele>
      <time>2026-09-10T09:45:54Z</time>
    </trkpt>
    <trkpt lat="49.757413" lon="18.844445">
      <ele>364</ele>
      <time>2026-09-10T09:46:38Z</time>
    </trkpt>
    <trkpt lat="49.757535" lon="18.844495">
      <ele>364</ele>
      <time>2026-09-10T09:46:51Z</time>
    </trkpt>
    <trkpt lat="49.757736" lon="18.844514">
      <ele>363</ele>
      <time>2026-09-10T09:47:13Z</time>
    </trkpt>
    <trkpt lat="49.757891" lon="18.84462">
      <ele>361</ele>
      <time>2026-09-10T09:47:31Z</time>
    </trkpt>
    <trkpt lat="49.758172" lon="18.844955">
      <ele>358</ele>
      <time>2026-09-10T09:48:08Z</time>
    </trkpt>
    <trkpt lat="49.758817" lon="18.845938">
      <ele>354</ele>
      <time>2026-09-10T09:49:44Z</time>
    </trkpt>
    <trkpt lat="49.75903" lon="18.846236">
      <ele>353</ele>
      <time>2026-09-10T09:50:14Z</time>
    </trkpt>
    <trkpt lat="49.759064" lon="18.846194">
      <ele>353</ele>
      <time>2026-09-10T09:50:19Z</time>
    </trkpt>
    <trkpt lat="49.759182" lon="18.8459">
      <ele>352</ele>
      <time>2026-09-10T09:50:43Z</time>
    </trkpt>
    <trkpt lat="49.759363" lon="18.845375">
      <ele>349</ele>
      <time>2026-09-10T09:51:23Z</time>
    </trkpt>
    <trkpt lat="49.759398" lon="18.845349">
      <ele>349</ele>
      <time>2026-09-10T09:51:27Z</time>
    </trkpt>
    <trkpt lat="49.759439" lon="18.845357">
      <ele>349</ele>
      <time>2026-09-10T09:51:32Z</time>
    </trkpt>
    <trkpt lat="49.759559" lon="18.845426">
      <ele>349</ele>
      <time>2026-09-10T09:51:45Z</time>
    </trkpt>
    <trkpt lat="49.759913" lon="18.845709">
      <ele>347</ele>
      <time>2026-09-10T09:52:27Z</time>
    </trkpt>
    <trkpt lat="49.760611" lon="18.846267">
      <ele>344</ele>
      <time>2026-09-10T09:53:51Z</time>
    </trkpt>
    <trkpt lat="49.761474" lon="18.846969">
      <ele>341</ele>
      <time>2026-09-10T09:55:34Z</time>
    </trkpt>
    <trkpt lat="49.761753" lon="18.847167">
      <ele>339</ele>
      <time>2026-09-10T09:56:06Z</time>
    </trkpt>
    <trkpt lat="49.761796" lon="18.847142">
      <ele>339</ele>
      <time>2026-09-10T09:56:11Z</time>
    </trkpt>
    <trkpt lat="49.762292" lon="18.847215">
      <ele>336</ele>
      <time>2026-09-10T09:57:04Z</time>
    </trkpt>
    <trkpt lat="49.762678" lon="18.847286">
      <ele>335</ele>
      <time>2026-09-10T09:57:45Z</time>
    </trkpt>
    <trkpt lat="49.762883" lon="18.847401">
      <ele>334</ele>
      <time>2026-09-10T09:58:08Z</time>
    </trkpt>
    <trkpt lat="49.763103" lon="18.847612">
      <ele>333</ele>
      <time>2026-09-10T09:58:35Z</time>
    </trkpt>
    <trkpt lat="49.763348" lon="18.847902">
      <ele>332</ele>
      <time>2026-09-10T09:59:08Z</time>
    </trkpt>
    <trkpt lat="49.763595" lon="18.848279">
      <ele>332</ele>
      <time>2026-09-10T09:59:45Z</time>
    </trkpt>
    <trkpt lat="49.763721" lon="18.848601">
      <ele>331</ele>
      <time>2026-09-10T10:00:10Z</time>
    </trkpt>
    <trkpt lat="49.763733" lon="18.84863">
      <ele>331</ele>
      <time>2026-09-10T10:00:13Z</time>
    </trkpt>
    <trkpt lat="49.763772" lon="18.848766">
      <ele>332</ele>
      <time>2026-09-10T10:00:23Z</time>
    </trkpt>
    <trkpt lat="49.763778" lon="18.84881">
      <ele>332</ele>
      <time>2026-09-10T10:00:26Z</time>
    </trkpt>
    <trkpt lat="49.763796" lon="18.848934">
      <ele>332</ele>
      <time>2026-09-10T10:00:35Z</time>
    </trkpt>
    <trkpt lat="49.763799" lon="18.849594">
      <ele>332</ele>
      <time>2026-09-10T10:01:20Z</time>
    </trkpt>
    <trkpt lat="49.763847" lon="18.849764">
      <ele>332</ele>
      <time>2026-09-10T10:01:32Z</time>
    </trkpt>
    <trkpt lat="49.763935" lon="18.849889">
      <ele>331</ele>
      <time>2026-09-10T10:01:45Z</time>
    </trkpt>
    <trkpt lat="49.764507" lon="18.850293">
      <ele>331</ele>
      <time>2026-09-10T10:02:51Z</time>
    </trkpt>
    <trkpt lat="49.764778" lon="18.850526">
      <ele>330</ele>
      <time>2026-09-10T10:03:24Z</time>
    </trkpt>
    <trkpt lat="49.764891" lon="18.850713">
      <ele>331</ele>
      <time>2026-09-10T10:03:42Z</time>
    </trkpt>
    <trkpt lat="49.764924" lon="18.850931">
      <ele>331</ele>
      <time>2026-09-10T10:03:57Z</time>
    </trkpt>
    <trkpt lat="49.764999" lon="18.851357">
      <ele>332</ele>
      <time>2026-09-10T10:04:27Z</time>
    </trkpt>
    <trkpt lat="49.765108" lon="18.851582">
      <ele>332</ele>
      <time>2026-09-10T10:04:46Z</time>
    </trkpt>
    <trkpt lat="49.765304" lon="18.85169">
      <ele>333</ele>
      <time>2026-09-10T10:05:08Z</time>
    </trkpt>
    <trkpt lat="49.765615" lon="18.851805">
      <ele>334</ele>
      <time>2026-09-10T10:05:42Z</time>
    </trkpt>
    <trkpt lat="49.76593" lon="18.851918">
      <ele>333</ele>
      <time>2026-09-10T10:06:16Z</time>
    </trkpt>
    <trkpt lat="49.766378" lon="18.851997">
      <ele>330</ele>
      <time>2026-09-10T10:07:04Z</time>
    </trkpt>
    <trkpt lat="49.767296" lon="18.851987">
      <ele>330</ele>
      <time>2026-09-10T10:08:41Z</time>
    </trkpt>
    <trkpt lat="49.767466" lon="18.851979">
      <ele>329</ele>
      <time>2026-09-10T10:08:59Z</time>
    </trkpt>
    <trkpt lat="49.767889" lon="18.851786">
      <ele>329</ele>
      <time>2026-09-10T10:09:46Z</time>
    </trkpt>
    <trkpt lat="49.768036" lon="18.851814">
      <ele>329</ele>
      <time>2026-09-10T10:10:01Z</time>
    </trkpt>
    <trkpt lat="49.768113" lon="18.851941">
      <ele>329</ele>
      <time>2026-09-10T10:10:13Z</time>
    </trkpt>
    <trkpt lat="49.768383" lon="18.853514">
      <ele>332</ele>
      <time>2026-09-10T10:12:04Z</time>
    </trkpt>
    <trkpt lat="49.768418" lon="18.853746">
      <ele>332</ele>
      <time>2026-09-10T10:12:21Z</time>
    </trkpt>
    <trkpt lat="49.768708" lon="18.853877">
      <ele>332</ele>
      <time>2026-09-10T10:12:53Z</time>
    </trkpt>
    <trkpt lat="49.76937" lon="18.854047">
      <ele>332</ele>
      <time>2026-09-10T10:14:04Z</time>
    </trkpt>
    <trkpt lat="49.76948" lon="18.854184">
      <ele>331</ele>
      <time>2026-09-10T10:14:18Z</time>
    </trkpt>
    <trkpt lat="49.769612" lon="18.854339">
      <ele>330</ele>
      <time>2026-09-10T10:14:36Z</time>
    </trkpt>
    <trkpt lat="49.769735" lon="18.854217">
      <ele>329</ele>
      <time>2026-09-10T10:14:52Z</time>
    </trkpt>
    <trkpt lat="49.769966" lon="18.853991">
      <ele>328</ele>
      <time>2026-09-10T10:15:21Z</time>
    </trkpt>
    <trkpt lat="49.770027" lon="18.85393">
      <ele>328</ele>
      <time>2026-09-10T10:15:29Z</time>
    </trkpt>
    <trkpt lat="49.770176" lon="18.853784">
      <ele>328</ele>
      <time>2026-09-10T10:15:48Z</time>
    </trkpt>
    <trkpt lat="49.770495" lon="18.853472">
      <ele>329</ele>
      <time>2026-09-10T10:16:28Z</time>
    </trkpt>
    <trkpt lat="49.770555" lon="18.853413">
      <ele>328</ele>
      <time>2026-09-10T10:16:36Z</time>
    </trkpt>
    <trkpt lat="49.77064" lon="18.85333">
      <ele>328</ele>
      <time>2026-09-10T10:16:46Z</time>
    </trkpt>
    <trkpt lat="49.770733" lon="18.853242">
      <ele>328</ele>
      <time>2026-09-10T10:16:58Z</time>
    </trkpt>
    <trkpt lat="49.770829" lon="18.853149">
      <ele>328</ele>
      <time>2026-09-10T10:17:10Z</time>
    </trkpt>
    <trkpt lat="49.771272" lon="18.852713">
      <ele>329</ele>
      <time>2026-09-10T10:18:06Z</time>
    </trkpt>
    <trkpt lat="49.771627" lon="18.852369">
      <ele>329</ele>
      <time>2026-09-10T10:18:51Z</time>
    </trkpt>
    <trkpt lat="49.771839" lon="18.852114">
      <ele>328</ele>
      <time>2026-09-10T10:19:20Z</time>
    </trkpt>
    <trkpt lat="49.771955" lon="18.851964">
      <ele>328</ele>
      <time>2026-09-10T10:19:36Z</time>
    </trkpt>
    <trkpt lat="49.772055" lon="18.852108">
      <ele>328</ele>
      <time>2026-09-10T10:19:47Z</time>
    </trkpt>
    <trkpt lat="49.772153" lon="18.852253">
      <ele>327</ele>
      <time>2026-09-10T10:19:58Z</time>
    </trkpt>
    <trkpt lat="49.772303" lon="18.852473">
      <ele>327</ele>
      <time>2026-09-10T10:20:15Z</time>
    </trkpt>
    <trkpt lat="49.772326" lon="18.852504">
      <ele>327</ele>
      <time>2026-09-10T10:20:17Z</time>
    </trkpt>
    <trkpt lat="49.77267" lon="18.85292">
      <ele>328</ele>
      <time>2026-09-10T10:20:52Z</time>
    </trkpt>
    <trkpt lat="49.77284" lon="18.853149">
      <ele>328</ele>
      <time>2026-09-10T10:21:11Z</time>
    </trkpt>
    <trkpt lat="49.772944" lon="18.853312">
      <ele>328</ele>
      <time>2026-09-10T10:21:23Z</time>
    </trkpt>
    <trkpt lat="49.773257" lon="18.853861">
      <ele>327</ele>
      <time>2026-09-10T10:22:01Z</time>
    </trkpt>
    <trkpt lat="49.773347" lon="18.854009">
      <ele>327</ele>
      <time>2026-09-10T10:22:11Z</time>
    </trkpt>
    <trkpt lat="49.773486" lon="18.854158">
      <ele>327</ele>
      <time>2026-09-10T10:22:25Z</time>
    </trkpt>
    <trkpt lat="49.773602" lon="18.854263">
      <ele>328</ele>
      <time>2026-09-10T10:22:36Z</time>
    </trkpt>
  </trkseg>
</trk>
</gpx>